type,name,module,path,hash
"yaml","manifest","_config","_config/manifest.yaml","65d633f7d7eab9391105924c7a7c01fcdecfa07a77dd5fee9d8484f75887f850"
"csv","module-help","bmb","bmb/bmad-bmb-setup/assets/module-help.csv","a32a9e9c6b7e16c9e0bd6a837aeafcf41afad79c3f7c2a8de2c946d0c871d886"
"csv","module-help","bmb","bmb/bmad-module-builder/assets/setup-skill-template/assets/module-help.csv","e5b0818d33b4d59e4813d3008c9f5c3179d2c8407dd9ee0e96436ca41fa69594"
"csv","module-help","bmb","bmb/module-help.csv","e09321338865d3857abe99219881342bd76478dbd968934c67a761b96f05b02c"
"md","agent-type-guidance","bmb","bmb/bmad-agent-builder/references/agent-type-guidance.md","48effe173e706b06d282e20506e491f7df94491c6b8e1fdb3e5b440d821c69dd"
"md","BOND-template","bmb","bmb/bmad-agent-builder/assets/BOND-template.md","6b6a6b6db52868f5d4b4de39e529a0c1a63a0e7776645ebeb21cda88ea510237"
"md","build-process","bmb","bmb/bmad-agent-builder/references/build-process.md","b90c551c7a5116201d717a001e5c27586678b85f11a55190814461ffe8344a41"
"md","build-process","bmb","bmb/bmad-workflow-builder/references/build-process.md","2f2e6e42463b0059bb799ec4b8c6b534ea4d8770fa4ff672465099163e73256e"
"md","CAPABILITIES-template","bmb","bmb/bmad-agent-builder/assets/CAPABILITIES-template.md","ba2fd4b7383e31daff76ce4495c8e200d833850c86ee2b567e091cdb9124efc1"
"md","capability-authoring-template","bmb","bmb/bmad-agent-builder/assets/capability-authoring-template.md","d03139cdecffc83b39cea0cae1475a5a137d6232b4c05914fa887199ea7585d7"
"md","classification-reference","bmb","bmb/bmad-workflow-builder/references/classification-reference.md","05241994fc42dabb2f8220ae3d1628a52dee11617ff5edcd869ff0bfdfacb4d9"
"md","complex-workflow-patterns","bmb","bmb/bmad-workflow-builder/references/complex-workflow-patterns.md","1bd9a82f905da2963a9ab1ddeb890a3574d1fe10ba97350c84bc76c273740f2d"
"md","convert-process","bmb","bmb/bmad-workflow-builder/references/convert-process.md","ffc98cfdca577e073e86d59e6b49b98c436000576286bf69d7449cc3d8817177"
"md","create-module","bmb","bmb/bmad-module-builder/references/create-module.md","66949ddae75a4619262f9caaeaa429fb2d5f7c83ee325ff317d59b392a995949"
"md","CREED-template","bmb","bmb/bmad-agent-builder/assets/CREED-template.md","da933b50395ff440ea726ff7c38ed8dccd759c1ac33cf310b2952c23edcf2b17"
"md","edit-guidance","bmb","bmb/bmad-agent-builder/references/edit-guidance.md","76db92dc6e9cfc0ab99fff46075fb418311f5f278d924943ab90224d7fc7c71f"
"md","first-breath-adaptation-guidance","bmb","bmb/bmad-agent-builder/references/first-breath-adaptation-guidance.md","69755aca7e5ad4dcf05c092d9d1b330857a7b8cb93f3feec1e5452520b5599a6"
"md","first-breath-config-template","bmb","bmb/bmad-agent-builder/assets/first-breath-config-template.md","e2e7260450bd96ef95708c29fa07817bc08886424ad984df3e19adb430c8c009"
"md","first-breath-template","bmb","bmb/bmad-agent-builder/assets/first-breath-template.md","cb187f140b2d8d590bfdb341518a9110b3f21605e002e36675b673eea1195949"
"md","ideate-module","bmb","bmb/bmad-module-builder/references/ideate-module.md","d173a9c9d19095835d92b3fb269a198fab34378ed14dbf72ee6f503a5ffd00b3"
"md","INDEX-template","bmb","bmb/bmad-agent-builder/assets/INDEX-template.md","8b73dc1a25711967c350050fc517c3d18c4c555ef5be06d07a20cde1a7287814"
"md","memory-guidance-template","bmb","bmb/bmad-agent-builder/assets/memory-guidance-template.md","1c01b65ed84440767ad9766ef36686f26c5d648333387a244f609f0da72f986e"
"md","MEMORY-template","bmb","bmb/bmad-agent-builder/assets/MEMORY-template.md","17527537efa3dbeff1fb5faa0e24f211490aa3e40b3dc75f9361c9ad8ff74b6d"
"md","mission-writing-guidance","bmb","bmb/bmad-agent-builder/references/mission-writing-guidance.md","5d355a2415e17975d8b1a9764e83615bb14a22dd1388efb838c7ed7511358896"
"md","module-plan-template","bmb","bmb/bmad-module-builder/assets/module-plan-template.md","1ab3311c310cc7127f9d227d7904f1e5f73f956593370c892e5cba0ae5df830e"
"md","module-setup","bmb","bmb/bmad-module-builder/assets/standalone-module-template/module-setup.md","be8bdd2d6b6497e0ff560eb7846a3013067351560a073068e25e2f4486189d4b"
"md","PERSONA-template","bmb","bmb/bmad-agent-builder/assets/PERSONA-template.md","0b0d7fb452894a8d95c4f6a0b5e36eefa8c8927fb9756817e43afa46fd8bf528"
"md","PULSE-template","bmb","bmb/bmad-agent-builder/assets/PULSE-template.md","57a34b519a7c3bc6bed055cbdb223fae16273a3e44866768c918ecbe983df744"
"md","quality-analysis","bmb","bmb/bmad-agent-builder/references/quality-analysis.md","fb29735274d3cce467466888cc58f0e2232a704580dd6f997f037ab820c44b2a"
"md","quality-analysis","bmb","bmb/bmad-workflow-builder/references/quality-analysis.md","eca5c33c7c5047b980126555fe21eab55702fe502273865a8fe3e9e06a37e970"
"md","quality-dimensions","bmb","bmb/bmad-agent-builder/references/quality-dimensions.md","baa27eb6c795d6a30030e7082495d7d1b56186f7b1b96041c554cb88278d609f"
"md","quality-dimensions","bmb","bmb/bmad-workflow-builder/references/quality-dimensions.md","6e7e6ad8b95a26b3c96870e21bf889728d4418e5fb1f8f8d7a399b3401a52028"
"md","quality-scan-agent-cohesion","bmb","bmb/bmad-agent-builder/references/quality-scan-agent-cohesion.md","3ed382e1ca5188b369e44d3ca3f7e35c7d74eef8de26ef7bd29e316e4625bb13"
"md","quality-scan-customization-surface","bmb","bmb/bmad-agent-builder/references/quality-scan-customization-surface.md","a4ee4a6cbcc35001f0853c7c5ba980d2818c0e8412a47d4e56e518dd09fbed1d"
"md","quality-scan-customization-surface","bmb","bmb/bmad-workflow-builder/references/quality-scan-customization-surface.md","8b87f7468049e79adfe29c9705f39dcc30769227543d1e241ca87f6b7e39bbdd"
"md","quality-scan-enhancement-opportunities","bmb","bmb/bmad-agent-builder/references/quality-scan-enhancement-opportunities.md","333720e2bb6d80c9fb74118df9c5ffb64f6981423cff54bad6c4e94d47398a2c"
"md","quality-scan-enhancement-opportunities","bmb","bmb/bmad-workflow-builder/references/quality-scan-enhancement-opportunities.md","5d77b3e0b8a924c1e426688523d5916050ba1d5a7fd89b2bcac79c64764fbdd7"
"md","quality-scan-execution-efficiency","bmb","bmb/bmad-agent-builder/references/quality-scan-execution-efficiency.md","50bbcb7a2e206110fafc36c8ee5527ed45cfe62afd9026aa5e14a18a9eef23e5"
"md","quality-scan-execution-efficiency","bmb","bmb/bmad-workflow-builder/references/quality-scan-execution-efficiency.md","36cfbf0d5cb17bf7bd32babd6ddc9917658cccb85f1bab59da4f009bc4f7b5db"
"md","quality-scan-prompt-craft","bmb","bmb/bmad-agent-builder/references/quality-scan-prompt-craft.md","b9d5321122f5d8b0ea4ca80a8ed24348c6c112a6ddcaa369edcd40b659a30c0e"
"md","quality-scan-prompt-craft","bmb","bmb/bmad-workflow-builder/references/quality-scan-prompt-craft.md","748b548012d50bcceb00776b56236d20c60e596556178cac87b8de78c7c38ea2"
"md","quality-scan-sanctum-architecture","bmb","bmb/bmad-agent-builder/references/quality-scan-sanctum-architecture.md","9b95b14afc8724406ddb1a34fef0d3cdf260ed04993de093abeffdb0085f298f"
"md","quality-scan-script-opportunities","bmb","bmb/bmad-agent-builder/references/quality-scan-script-opportunities.md","f1f754cc572d297e5eb5cc8eac9fa5b2f911ba6bf38305241338fc108e624945"
"md","quality-scan-script-opportunities","bmb","bmb/bmad-workflow-builder/references/quality-scan-script-opportunities.md","ca805bec6d6fd12f07d6c04e8be8c85c6edb8b41cf56c6928f4958dcfe89c28a"
"md","quality-scan-skill-cohesion","bmb","bmb/bmad-workflow-builder/references/quality-scan-skill-cohesion.md","e3da4d802b1a67aa02e9482c072a6d50027168f2487749c65aaccf9debb1a972"
"md","quality-scan-structure","bmb","bmb/bmad-agent-builder/references/quality-scan-structure.md","814c5718f587e7560c7ff6cf462a39ea562bb2cab36ff8f998ca736b5e4aa6da"
"md","quality-scan-workflow-integrity","bmb","bmb/bmad-workflow-builder/references/quality-scan-workflow-integrity.md","69f9c4f42cfdc5f7ab4e3b76450c9d3c6f41bbeb0fff6095cc938ed8d8d66f95"
"md","report-quality-scan-creator","bmb","bmb/bmad-agent-builder/references/report-quality-scan-creator.md","23d6d2af05269e42c738853e90e239a70e32c21551950a03625d3dc0b3a96051"
"md","report-quality-scan-creator","bmb","bmb/bmad-workflow-builder/references/report-quality-scan-creator.md","c176e2e8c44d969e11b19fd50eef9db3057a5f54d808dd89173760d28fe09c55"
"md","sample-capability-authoring","bmb","bmb/bmad-agent-builder/references/sample-capability-authoring.md","c188394fe5c1fbe0998e4d03c1e4a13f251708eb6eea41efde4a02cac62d356e"
"md","sample-capability-prompt","bmb","bmb/bmad-agent-builder/references/sample-capability-prompt.md","89fa50211cc54b0ff375d216303464cd781ce5ddaeace21cf9f89a5549625ea5"
"md","sample-first-breath","bmb","bmb/bmad-agent-builder/references/sample-first-breath.md","ea55b9eaee5fb5d51d928761d988e05066b6faa448852fa4e512dc65f4febcb9"
"md","sample-memory-guidance","bmb","bmb/bmad-agent-builder/references/sample-memory-guidance.md","439aa16ed25f63ba42c7d7935cdb33226b8193862ed8e051015aa99fedb035ec"
"md","script-opportunities-reference","bmb","bmb/bmad-agent-builder/references/script-opportunities-reference.md","7fc382a1561498c8c9b5e5d83d16e94a1076985773a848f55f15f2fa27c55cce"
"md","script-opportunities-reference","bmb","bmb/bmad-workflow-builder/references/script-opportunities-reference.md","2a0cbc6c4fd33163fe2b0c45d64abd279588a27fa1dadacfa1e91967527a92e7"
"md","script-standards","bmb","bmb/bmad-agent-builder/references/script-standards.md","802f9de7527f3ebe2da9cde2ca6b6ac9efb639a6cce6616c9469cd9da42c1c0d"
"md","script-standards","bmb","bmb/bmad-workflow-builder/references/script-standards.md","e33b793bd32d56a71363997a152e69540961148a44bb6e905a3525531124a706"
"md","SKILL","bmb","bmb/bmad-agent-builder/SKILL.md","dfb73ea0b09e79347ebb22781a2d4e38cc24e5fe39019040777ed307d5bd669b"
"md","SKILL","bmb","bmb/bmad-bmb-setup/SKILL.md","d734a3b5a4c5c3f86e17788688629972f3550f58fe6d06c57652e90742066b58"
"md","SKILL","bmb","bmb/bmad-module-builder/SKILL.md","344ee5a895878611f0241ad36352d3331871dc204bc6c5efce527927266bf8bc"
"md","SKILL","bmb","bmb/bmad-module-builder/assets/setup-skill-template/SKILL.md","9df94238c21ea09c64f340ec69da0138616731cd5ba515439aa32327b05e7655"
"md","SKILL","bmb","bmb/bmad-workflow-builder/SKILL.md","f089842dacece899bc6238711ad6de0b880c76ab32b5380f9bafd07f8fa37538"
"md","skill-best-practices","bmb","bmb/bmad-agent-builder/references/skill-best-practices.md","048cdd5ac5eb1ba2c2a65dbfae8056769bbab61d37dcfb4c3f2045375a5db8c2"
"md","skill-best-practices","bmb","bmb/bmad-workflow-builder/references/skill-best-practices.md","62a83b409f347a207489efea646e4a03cd652e42ee77f6cbdbc4f426f27e4a13"
"md","SKILL-template","bmb","bmb/bmad-agent-builder/assets/SKILL-template.md","7d0ed7ce63c0aec3869b17776d8416c9581dbc670ca999b4c9702507e8915454"
"md","SKILL-template","bmb","bmb/bmad-workflow-builder/assets/SKILL-template.md","0d8ad0d69b78e0720c275b82895005530567daf61e394402f1770cdfc10655ca"
"md","SKILL-template-bootloader","bmb","bmb/bmad-agent-builder/assets/SKILL-template-bootloader.md","4d1bf3ac343cbc5a354ab22a7702a3021ae144970505c08a5ffc9b297c6fe3c9"
"md","standard-fields","bmb","bmb/bmad-agent-builder/references/standard-fields.md","17092a6d5420d50e12c4d38c016c4e21244e6f76b8283e00a235f76335e1b9f9"
"md","standard-fields","bmb","bmb/bmad-workflow-builder/references/standard-fields.md","44e7537e0729814395d7c9cf852411387942652c9257a34d3b093e0be56d42e8"
"md","standing-order-guidance","bmb","bmb/bmad-agent-builder/references/standing-order-guidance.md","75c9cee7f7f9c9c5d8fe67ae18c74366afc70588f425cfa251c4c88e6d4fef2d"
"md","template-substitution-rules","bmb","bmb/bmad-agent-builder/references/template-substitution-rules.md","99aceeaaa659bdc5ef3b36a8552a879d7ad5181d80672660f4f579ebf361ba93"
"md","template-substitution-rules","bmb","bmb/bmad-workflow-builder/references/template-substitution-rules.md","45b29451ccfca934a8bf42a54447c0de625337dcd486c514441d34456588f4c6"
"md","validate-module","bmb","bmb/bmad-module-builder/references/validate-module.md","31ec64ac8e667bc94befc0ab019e506c1c2150403e6c90a92f329db43fdf6853"
"py","cleanup-legacy","bmb","bmb/bmad-bmb-setup/scripts/cleanup-legacy.py","827b32af838a8b0c4d85e4c44cfe89f6ddfffef3df4f27da7547c8dcbdc7f946"
"py","cleanup-legacy","bmb","bmb/bmad-module-builder/assets/setup-skill-template/scripts/cleanup-legacy.py","827b32af838a8b0c4d85e4c44cfe89f6ddfffef3df4f27da7547c8dcbdc7f946"
"py","generate-convert-report","bmb","bmb/bmad-workflow-builder/scripts/generate-convert-report.py","ed422a17276120ef4d8674b3622ed340503d083bd7e193636cbeab6e772a53da"
"py","generate-html-report","bmb","bmb/bmad-agent-builder/scripts/generate-html-report.py","db8ef884f4389107579829043133315725cded5a0f00552a439b79ccf1c852bb"
"py","generate-html-report","bmb","bmb/bmad-workflow-builder/scripts/generate-html-report.py","b6ef8974c445f160793c85a6d7d192637e4d1aba29527fd003d3e05a7c222081"
"py","init-sanctum-template","bmb","bmb/bmad-agent-builder/assets/init-sanctum-template.py","da197cc3003f04d8b08a966c2c84879e3f612226af3171dd1e59077f597598aa"
"py","merge-config","bmb","bmb/bmad-bmb-setup/scripts/merge-config.py","56f9e79cbdf236083a4afb156944945cc47b0eea355a881f1ee433d9664a660d"
"py","merge-config","bmb","bmb/bmad-module-builder/assets/setup-skill-template/scripts/merge-config.py","56f9e79cbdf236083a4afb156944945cc47b0eea355a881f1ee433d9664a660d"
"py","merge-config","bmb","bmb/bmad-module-builder/assets/standalone-module-template/merge-config.py","56f9e79cbdf236083a4afb156944945cc47b0eea355a881f1ee433d9664a660d"
"py","merge-help-csv","bmb","bmb/bmad-bmb-setup/scripts/merge-help-csv.py","f30cd4c3a2c66153c54a6574caf0d1de82bbdad0ebe219f6cc16afb982873968"
"py","merge-help-csv","bmb","bmb/bmad-module-builder/assets/setup-skill-template/scripts/merge-help-csv.py","f30cd4c3a2c66153c54a6574caf0d1de82bbdad0ebe219f6cc16afb982873968"
"py","merge-help-csv","bmb","bmb/bmad-module-builder/assets/standalone-module-template/merge-help-csv.py","f30cd4c3a2c66153c54a6574caf0d1de82bbdad0ebe219f6cc16afb982873968"
"py","prepass-execution-deps","bmb","bmb/bmad-agent-builder/scripts/prepass-execution-deps.py","3c9c8998b3e3b00007027c73ff75bf4d568447a50f8ee9e291f4d9df614e4767"
"py","prepass-execution-deps","bmb","bmb/bmad-workflow-builder/scripts/prepass-execution-deps.py","8c53ae6deb0b54bd1edcb345a6e53398b938e285e5a8cec4191cac3846119f24"
"py","prepass-prompt-metrics","bmb","bmb/bmad-agent-builder/scripts/prepass-prompt-metrics.py","ce3808ccb4bff66f555aa2311b455004a58a1627e69bf99f0b35cf7b11595d19"
"py","prepass-prompt-metrics","bmb","bmb/bmad-workflow-builder/scripts/prepass-prompt-metrics.py","edeff2f48c375b79cad66e8322d3b1ac82d0a5c5513fb62518c387071de8581b"
"py","prepass-sanctum-architecture","bmb","bmb/bmad-agent-builder/scripts/prepass-sanctum-architecture.py","e26e96d50cf6efcfc400e5addb53b4765c676247ac834517597da910dc334300"
"py","prepass-structure-capabilities","bmb","bmb/bmad-agent-builder/scripts/prepass-structure-capabilities.py","a744cd75073c3976579fe5ad972e30df7631f9acffe7476dafd14151dc42481b"
"py","prepass-workflow-integrity","bmb","bmb/bmad-workflow-builder/scripts/prepass-workflow-integrity.py","1beb181f4cc1acb6a35e740c147f30cdd1d1581f0de0256fc2d4977f3dfc9ff0"
"py","process-template","bmb","bmb/bmad-agent-builder/scripts/process-template.py","2a78f5931e764cf75c9872e14600e53963d9debd86f7e862aa9d8d40ec315172"
"py","sample-init-sanctum","bmb","bmb/bmad-agent-builder/references/sample-init-sanctum.py","478d1e6a640eb3dc36b24b08a91dd6dbcfb4a2780ba82f114d310e11133c4aa6"
"py","scaffold-setup-skill","bmb","bmb/bmad-module-builder/scripts/scaffold-setup-skill.py","b1df022164bb4c7e3e733a66e440637f255ddc8512ec43e4cb7206e3aae40532"
"py","scaffold-standalone-module","bmb","bmb/bmad-module-builder/scripts/scaffold-standalone-module.py","8efa8f264f300ef1242e01b1729290e2ded11f330a703af078b848850ae9edb3"
"py","scan-path-standards","bmb","bmb/bmad-agent-builder/scripts/scan-path-standards.py","a37fd299deda25e94e9a3b14d72504aa8c0ffdd3d22d83e4e5de1d6236c4cec2"
"py","scan-path-standards","bmb","bmb/bmad-workflow-builder/scripts/scan-path-standards.py","289f3b31b9260464f1b4de089ddb3a621b6d75b11c8e5ce24a660dafface9f60"
"py","scan-scripts","bmb","bmb/bmad-agent-builder/scripts/scan-scripts.py","73f3714d5d5f612b358ffec2cfb0282545d8b77bf562cd4b6072937059d97ca3"
"py","scan-scripts","bmb","bmb/bmad-workflow-builder/scripts/scan-scripts.py","1a6560996f7a45533dc688e7669b71405f5df031c4dfa7a14fc2fb8df2321a46"
"py","test_generate_convert_report","bmb","bmb/bmad-workflow-builder/scripts/tests/test_generate_convert_report.py","f962674f7caf8ab11d17f563237955a21cef4a176f51b855debeb6e079d7d348"
"py","test-scaffold-setup-skill","bmb","bmb/bmad-module-builder/scripts/tests/test-scaffold-setup-skill.py","f10d300453cbd509ff01886494986e7ef74d6d29534e6d5a4823e4244e83a38a"
"py","test-scaffold-standalone-module","bmb","bmb/bmad-module-builder/scripts/tests/test-scaffold-standalone-module.py","f2d9a2b67a94cb24c4b88d75650ae9b5e69a157886c4a4b15e5d2c09dc685935"
"py","test-validate-module","bmb","bmb/bmad-module-builder/scripts/tests/test-validate-module.py","6c92389aa12c5cf0e8243999d0328704b926d0bfcdcc2124e12cb82a878d8617"
"py","validate-module","bmb","bmb/bmad-module-builder/scripts/validate-module.py","e16e7d854ea9e4f0e9670f34f60360119ac6deae4587ebb12ed6a89ea90ec7c9"
"toml","customize-template","bmb","bmb/bmad-agent-builder/assets/customize-template.toml","1281eb3e57f0b3b48e5e1604c553cf91a77e1937616898e84446d26e1ad3e96d"
"toml","customize-template","bmb","bmb/bmad-workflow-builder/assets/customize-template.toml","93e235c211546a0a2885a237396e570617710dc43a65100a0e843dc6d1b6e4ae"
"toml","sample-customize-analyst","bmb","bmb/bmad-agent-builder/assets/sample-customize-analyst.toml","5a3f2e1cc7ed58011b4e2ce2ad4f086f8e1a2cea92221ae07e02011670d7a92c"
"toml","sample-customize-product-brief","bmb","bmb/bmad-workflow-builder/assets/sample-customize-product-brief.toml","fe5927f51b27c1d1d21f0023dfb0c930513cacb163d3521115ff6e19af70d1cc"
"yaml","config","bmb","bmb/config.yaml","64fa20d2364c5e108fb519f10b5ebf59300eca099f772a23724534dc980eed1c"
"yaml","module","bmb","bmb/bmad-bmb-setup/assets/module.yaml","d9cb53ff118c5c45d393b5a0f3498cdfc20d7f47acf491970157d36a7e9f5462"
"yaml","module","bmb","bmb/bmad-module-builder/assets/setup-skill-template/assets/module.yaml","9ebacf189dcd2e353509bfa0fa70c90b84d5fe749022a3571e5321598e1ae9fa"
"csv","module-help","bmm","bmm/module-help.csv","fe1f3c778d5d909d5858e0d13f2a7d4d18f40180de05a3c4fa7a5470dabeb945"
"html","validation-report-template","bmm","bmm/plan/bmad-prd/assets/validation-report-template.html","a80becdd8205d2d7c18738855830b096172a496b96b5ca8a0820ec55c9bb8bf9"
"html","validation-report-template","bmm","bmm/plan/bmad-ux/assets/validation-report-template.html","8656945636fabe96624f8ef8fce931b073b5aecbe42d490584c1d5c7f31e1353"
"json","bmad-manifest","bmm","bmm/plan/bmad-prfaq/bmad-manifest.json","9d91d2ae277b87bdfb8785df6a660788743c5cdf98cbd9fcf88c29f957324709"
"md","acceptance-verdict","bmm","bmm/ship/bmad-retrospective/references/acceptance-verdict.md","09a65007c39af83e01e039331c252e6e670b134cd5e2a4b5e05ac9d9fb7e37f1"
"md","aggregate-views","bmm","bmm/ship/bmad-retrospective/references/aggregate-views.md","5b278afce4a53692d8715b4af178e4233da0876921dc3154b5763d056cb5ff0b"
"md","artifact-analyzer","bmm","bmm/plan/bmad-prfaq/agents/artifact-analyzer.md","7bdc44830f8d593346ec0ee15e36e1e431432fcc6c38b70bb861999315c9cfa4"
"md","best-practices","bmm","bmm/plan/bmad-project-context/references/best-practices.md","0af8deb8201a78e37323ce51b193cf1e6edbc5c75ba8aca7a71dbdadb2e4e5e1"
"md","brief-template","bmm","bmm/plan/bmad-product-brief/assets/brief-template.md","bb28edf75d023067551c8d417b19b8803324e7acfb2ad0c80f882e9134f4c1f1"
"md","checklist","bmm","bmm/ship/bmad-correct-course/checklist.md","3e082b95def90ccb876e3101ce0bbaf797a0f03a9471e1347361897f27977327"
"md","checklist","bmm","bmm/ship/bmad-qa-generate-e2e-tests/checklist.md","b58f810aeb1040c2f6758c88aa133afce72f8cc178d3d97ff0fbaa3d943057dc"
"md","checklist","bmm","bmm/v6-shims/bmad-create-story/checklist.md","b94e28e774c3be0288f04ea163424bece4ddead5cd3f3680d1603ed07383323a"
"md","checklist","bmm","bmm/v6-shims/bmad-dev-story/checklist.md","630b68c6824a8785003a65553c1f335222b17be93b1bd80524c23b38bde1d8af"
"md","color-themes","bmm","bmm/plan/bmad-ux/assets/color-themes.md","ccb6e4ef47a196476cf9392d788938ad3ca8d07b9ce095b7c092dcb4e06735f0"
"md","compile-epic-context","bmm","bmm/ship/bmad-build/compile-epic-context.md","6793b15ae85766cee529e6b349e45f2c6ec9e3212019611c29e8c77b4dc4b924"
"md","compile-epic-context","bmm","bmm/ship/bmad-build-auto/compile-epic-context.md","64d13b41974cfa0dfc1de64b6fbd8365e9b99f91c7c98f0ee1a9fbd018f324ca"
"md","creative-tools","bmm","bmm/plan/bmad-ux/references/creative-tools.md","e281292d7c0fdecdbb67ca9b7d95d4bed803626ba5edfd8dcc99146fcaa118e6"
"md","customer-faq","bmm","bmm/plan/bmad-prfaq/references/customer-faq.md","96f8565197649c58908a1d61b6cd805fd01f57da7945ba889c18d087ad597aeb"
"md","deletion-check","bmm","bmm/ship/bmad-build/references/deletion-check.md","0f1f124e4e957147e89164a272b10bedc694ad0d9ad2618c8610ac74ee9cb0da"
"md","deletion-check","bmm","bmm/ship/bmad-build-auto/references/deletion-check.md","0f1f124e4e957147e89164a272b10bedc694ad0d9ad2618c8610ac74ee9cb0da"
"md","deletion-check","bmm","bmm/ship/bmad-code-review/references/deletion-check.md","0f1f124e4e957147e89164a272b10bedc694ad0d9ad2618c8610ac74ee9cb0da"
"md","design-directions","bmm","bmm/plan/bmad-ux/assets/design-directions.md","eab73b948da76a27abc908e1e7d6b124e8ff0362e6dd1990f7e60b9541cbcb98"
"md","design-example-editorial","bmm","bmm/plan/bmad-ux/assets/design-example-editorial.md","a659166845b1a4ed3f9aef942c5935537a97382b10303684fbb78ed86265870e"
"md","design-example-mobile","bmm","bmm/plan/bmad-ux/assets/design-example-mobile.md","a93fb9f114f2e83af0c961c0d7909b3859fc80bcd713715517cd639a53a0372a"
"md","design-example-shadcn","bmm","bmm/plan/bmad-ux/assets/design-example-shadcn.md","25e0dfb2bb21483973a8f0a6ed650288b3dc2ae5ed02aa0f091bb9b6b0b39fc0"
"md","design-md-spec","bmm","bmm/plan/bmad-ux/references/design-md-spec.md","d04d5f663607aba3f3181e818ae33856e6caf5e560dcb16fa64ed80b7cf3d590"
"md","discover-inputs","bmm","bmm/v6-shims/bmad-create-story/discover-inputs.md","dfedba6a8ea05c9a91c6d202c4b29ee3ea793d8ef77575034787ae0fef280507"
"md","edge-case-hunter","bmm","bmm/ship/bmad-build/review-prompts/edge-case-hunter.md","4ccb3599ed1b8cc54876b304dc567d1b4e3e0ec5c1add34df9a2445224ac77af"
"md","edge-case-hunter","bmm","bmm/ship/bmad-build-auto/review-prompts/edge-case-hunter.md","4ccb3599ed1b8cc54876b304dc567d1b4e3e0ec5c1add34df9a2445224ac77af"
"md","edge-case-hunter","bmm","bmm/ship/bmad-code-review/review-prompts/edge-case-hunter.md","4ccb3599ed1b8cc54876b304dc567d1b4e3e0ec5c1add34df9a2445224ac77af"
"md","epics-template","bmm","bmm/plan/bmad-create-epics-and-stories/templates/epics-template.md","a804f740155156d89661fa04e7a4264a8f712c4dc227c44fd8ae804a9b0f6b72"
"md","evidence-gathering","bmm","bmm/ship/bmad-retrospective/references/evidence-gathering.md","575bace78d7c03c48d86a209dd664f7dd22295a222b75e6d6298894cb7b7ce00"
"md","excalidraw-wireframe","bmm","bmm/plan/bmad-ux/assets/excalidraw-wireframe.md","660bbcdebff50cd044a3752eda43f3cb303aca4b0f521b55a270da93b89ddb18"
"md","experience-example-mobile","bmm","bmm/plan/bmad-ux/assets/experience-example-mobile.md","f8cd54c92193cd8c34a472df9c212ac7330976f6a115b729721dcb60034dc4f0"
"md","experience-example-shadcn","bmm","bmm/plan/bmad-ux/assets/experience-example-shadcn.md","d6ca16e87b768e8b41f352c02ee08af21d7cdac04ca21e6ae1556864b4d27590"
"md","fix-sprint-status","bmm","bmm/plan/bmad-sprint-planning/references/fix-sprint-status.md","0406c31b70da33e2a354d9785f43d8f9918f4b923d0aac2ebd1e3707ebad5806"
"md","generate-tracking","bmm","bmm/plan/bmad-sprint-planning/references/generate-tracking.md","4dbf7aca26d0e6e893f288fc5e6158dbbcd65f77bbaf95e941ca705abceb1741"
"md","generate-trail","bmm","bmm/ship/bmad-checkpoint-preview/generate-trail.md","4a5936d86fbe5a85285b4535097b1e2edda8849da35586f4b588a982d7224459"
"md","headless","bmm","bmm/plan/bmad-architecture/references/headless.md","4db2708f335c94cb024b5eba022b1e3d88b1ec61c94c4716626d9b89684f5833"
"md","headless","bmm","bmm/plan/bmad-prd/references/headless.md","4dad58ebee63933a53179016513ff94d143ce9f68e226489d390e2c36bf1d848"
"md","headless","bmm","bmm/plan/bmad-ux/references/headless.md","8da7e23d269b1644f45b5104a243a6a27fd8d075aebb95d9b7752f0d143f0f5d"
"md","headless-schemas","bmm","bmm/plan/bmad-prd/assets/headless-schemas.md","8d3621333a72400512bd62511bc4c73fc745711505e1f852c697ff8c5fa2de93"
"md","headless-schemas","bmm","bmm/plan/bmad-spec/assets/headless-schemas.md","83afb3614716db2347d83586a67b9c524492dd50db5282436ccb35c99fb5f08a"
"md","headless-schemas","bmm","bmm/plan/bmad-ux/assets/headless-schemas.md","e3a773dde85286f1a6f6dd8b26fc17e09ccea96f6257dfe7fb436353cd79242d"
"md","internal-faq","bmm","bmm/plan/bmad-prfaq/references/internal-faq.md","26eb83f844cda1ed8efb50f4703d61713ada8a64bd27eb387f759f858b5748de"
"md","key-screens","bmm","bmm/plan/bmad-ux/assets/key-screens.md","ff1c5060673dd595edd61e76806bae876264ec6895c2eaadf8a6190785bf5f7b"
"md","prd-template","bmm","bmm/plan/bmad-prd/assets/prd-template.md","b6fe8fc1390b8e46961d5eb5e6f2fe6c65dca2f30623d492677672e02868f7ab"
"md","prd-validation-checklist","bmm","bmm/plan/bmad-prd/assets/prd-validation-checklist.md","41d9f09064772a92ec908d970618e47ba63dc86b5c5a1a21d5a2c676d3ba8e3f"
"md","press-release","bmm","bmm/plan/bmad-prfaq/references/press-release.md","c406adb0e2d2cc326cbc45d0174f89d014523448ad82bc272293999d22aec596"
"md","prfaq-template","bmm","bmm/plan/bmad-prfaq/assets/prfaq-template.md","b27e6964f0437ab4e78c8c0ffbe5052c28e3b3ef2fc811726cbb394d5a5c7559"
"md","readiness-gate","bmm","bmm/plan/bmad-sprint-planning/references/readiness-gate.md","7d58ea61fafe3c1d8218203abc7512e322ca384c78d9e71829df55dfabe1245b"
"md","README","bmm","bmm/v6-shims/README.md","05315a8e369f5ebb9e615c1a33fd2b3f85eb92a9455c974cdc7ec7d3ea0d10bf"
"md","retro-document","bmm","bmm/ship/bmad-retrospective/references/retro-document.md","de8164664cd2be7f73b8ba5552e9e0f58816d2a7c4be8efc7715461846bb7001"
"md","reviewer-gate","bmm","bmm/plan/bmad-architecture/references/reviewer-gate.md","d32e32a3c1d59b5612b947004f3f6fef1117a13ce9f1ffa428d616e0b5d4db69"
"md","SKILL","bmm","bmm/agents/bmad-agent-analyst/SKILL.md","99c72ea74b833743a71a8e3c54369348530525edcfae43da2d267ec27cefc8ff"
"md","SKILL","bmm","bmm/agents/bmad-agent-architect/SKILL.md","72a542f7cd34ebf844c26431be564040824f0c16cf060b8795eff2c9e019f003"
"md","SKILL","bmm","bmm/agents/bmad-agent-dev/SKILL.md","b980cf2c99976b5e1bd53128dc7b56bdd181ac39a57098d9b5a6bf0692db2675"
"md","SKILL","bmm","bmm/agents/bmad-agent-pm/SKILL.md","7b84234262e749f22fe31032124024c8c4283ba55294916b2ec67917a3bb9fb5"
"md","SKILL","bmm","bmm/agents/bmad-agent-ux-designer/SKILL.md","2ba39678706fd536a98f7afcbb3d85c3b74e24bdb86a191b330fcd7fd7e64c03"
"md","SKILL","bmm","bmm/plan/bmad-architecture/SKILL.md","b3d8c6e5024cb9747ef1659cec8109f5bb797fd1760338e65237bb084b60fcdc"
"md","SKILL","bmm","bmm/plan/bmad-create-epics-and-stories/SKILL.md","6b27b0730c61309190eb7c9c84ae98b11cbfe7187941ef88f45ddc8ded850c04"
"md","SKILL","bmm","bmm/plan/bmad-generate-project-context/SKILL.md","8cc66337d465bb088831d8973a25cfb4374f1a3427638cc2fb553fad29d08f12"
"md","SKILL","bmm","bmm/plan/bmad-prd/SKILL.md","5c220a51dc6f25499b7f18c7104a0a981dc3d721aa63d0fba88ec3de32c3fbde"
"md","SKILL","bmm","bmm/plan/bmad-prfaq/SKILL.md","042611ccabfdab1254e6591f6b86f81f332acb874fc2d148af5ac6dcd5a1c726"
"md","SKILL","bmm","bmm/plan/bmad-product-brief/SKILL.md","4c15a8ec688c998eeb71957f208b5953b1ac7a5641b008b3509f1f4fcdc8e6cd"
"md","SKILL","bmm","bmm/plan/bmad-project-context/SKILL.md","79efbfffd9614c92c487b49e785464e28597e644358e7fc7b5cda9d0f0be6fe0"
"md","SKILL","bmm","bmm/plan/bmad-spec/SKILL.md","5b5680dbf01dbfc5b4a5485e70f20ea48ac21a1d6137c4ea2ff704262dcc45d2"
"md","SKILL","bmm","bmm/plan/bmad-sprint-planning/SKILL.md","6ed5dd51be5d6a807c7e6af0542bff609fe69e84b67025ed7aa3fd9ae1ccb36d"
"md","SKILL","bmm","bmm/plan/bmad-ux/SKILL.md","6475c8171bf7346964234bd35994b9d5518102dc245768c660e4dacd1e6b50fd"
"md","SKILL","bmm","bmm/ship/bmad-build/SKILL.md","bce4778d8d275095ca1836733337163c1bf11a5a62e6585b951de458a5ac2c8e"
"md","SKILL","bmm","bmm/ship/bmad-build-auto/SKILL.md","ea6931f8210e92f7d9cfb845040d557d4d8c02eced3acc3d77bd2fcc4fffc235"
"md","SKILL","bmm","bmm/ship/bmad-checkpoint-preview/SKILL.md","fbc932defc41c7d9ffd107dbbccc296854b2ece76d95e9712e19d24f0a4c3606"
"md","SKILL","bmm","bmm/ship/bmad-code-review/SKILL.md","1ba6481b28c7e4b2ea0b1447e9011a9cac3ef51fdf957d09050606d2d16b196b"
"md","SKILL","bmm","bmm/ship/bmad-correct-course/SKILL.md","507394a758e297152a806fe5529ecc54c6c2725c951bdcbbdb250622a83fa820"
"md","SKILL","bmm","bmm/ship/bmad-qa-generate-e2e-tests/SKILL.md","4aad390d3f063efb8783637a0f72b993135ec2acb810693d3146a161172057c8"
"md","SKILL","bmm","bmm/ship/bmad-retrospective/SKILL.md","8da5b53055afa76cf88135f186d35a6cb95bab1096ed96022354846dc788d26a"
"md","SKILL","bmm","bmm/v6-shims/bmad-create-architecture/SKILL.md","2d199970238a7f415aa4b9224ec01f296b4b3ee7b399f75092ed8bdd3e414be1"
"md","SKILL","bmm","bmm/v6-shims/bmad-create-prd/SKILL.md","fa8cc47fff80a19446057b0469e79ea65973ceccb71e96079bf734b34699eb69"
"md","SKILL","bmm","bmm/v6-shims/bmad-create-story/SKILL.md","bea46d2823aded992d90a8d6d684f7c67c0865478b01c1443ba4c3eac04bbd28"
"md","SKILL","bmm","bmm/v6-shims/bmad-dev-auto/SKILL.md","1c056c69a17043bfb4b80f9e42a8ec8338fc6fa47c6ae8d5cf53f8a326966b4a"
"md","SKILL","bmm","bmm/v6-shims/bmad-dev-story/SKILL.md","8f9baf6a4643a3e9b307864eceed5aa9ddfe4e325226d70b78e0c85908ab7d5d"
"md","SKILL","bmm","bmm/v6-shims/bmad-document-project/SKILL.md","c4a09a6dc3aaaf90e12e1467b48a37416820ff351316a4eda7cda826dbb7fbd7"
"md","SKILL","bmm","bmm/v6-shims/bmad-domain-research/SKILL.md","6c873cdb44ed6444c2abfb335ad7af474fda56f4ba62c1c9c7cff42d9a243cd4"
"md","SKILL","bmm","bmm/v6-shims/bmad-edit-prd/SKILL.md","26448c4017c09ad8defa8525d9517ce681bb50222320517eaa635fa0f31989f9"
"md","SKILL","bmm","bmm/v6-shims/bmad-market-research/SKILL.md","b52667b85bee97ff23dd02532a2f286c72e63fd14b1afaedd6592de4d6112df6"
"md","SKILL","bmm","bmm/v6-shims/bmad-quick-dev/SKILL.md","23bb1434e03693152311b8e79570bb8a042eb39f57615cc4d0df15b72f29b113"
"md","SKILL","bmm","bmm/v6-shims/bmad-sprint-status/SKILL.md","95e695ce9665c6b3d617d41b0581bc30de6288263609a910559a97b26eb49e78"
"md","SKILL","bmm","bmm/v6-shims/bmad-technical-research/SKILL.md","d8e6177fc03c3d815642bdf6b54b83ef37874e73118d89112f155dbda14afbfa"
"md","SKILL","bmm","bmm/v6-shims/bmad-validate-prd/SKILL.md","16bff9ed7ec003add9c56818575f613380925782bd4ef0cc0804ed34a074eeaf"
"md","spec-template","bmm","bmm/plan/bmad-spec/assets/spec-template.md","4b3a032c045fdd0903933446fc07f93e879997f28a0294ed4344da71192b20ee"
"md","spec-template","bmm","bmm/ship/bmad-build/spec-template.md","68d0e3b9acaa0c22ab3b0dd1dbce9d8ef9b4d16637ed5e6fbd5244528732943e"
"md","spec-template","bmm","bmm/ship/bmad-build-auto/spec-template.md","5fccfa92dd632d4be646ab40f2882452189aba49db57fe3fa00fcc1806666d74"
"md","spine-template","bmm","bmm/plan/bmad-architecture/assets/spine-template.md","ef4ff795624eb5439fae54a06edb389feb5a0cf79cb01ae007af51109335d198"
"md","status-view","bmm","bmm/plan/bmad-sprint-planning/references/status-view.md","c3547e221ebf6e55c874e2ada3e8c18198835213c76f0bb2e0e64150aac355ab"
"md","step-01-clarify-and-route","bmm","bmm/ship/bmad-build/step-01-clarify-and-route.md","0a3afcde2b1d4475250896f132fd8839cf442b3364ebfbeeace5a489042c7c7f"
"md","step-01-clarify-and-route","bmm","bmm/ship/bmad-build-auto/step-01-clarify-and-route.md","7480db7720720212bd045793fddcb91f06091fe512e53b38127f6440c3fd96e2"
"md","step-01-gather-context","bmm","bmm/ship/bmad-code-review/steps/step-01-gather-context.md","3f5a74d63a91fb385d33786b78d09bb9bca483b1ac45933b9715c9fb79b79e9d"
"md","step-01-orientation","bmm","bmm/ship/bmad-checkpoint-preview/step-01-orientation.md","d9e3b949c36d49a025f3535773af2b51888fe4ce616b6d6d69683a122716b1d2"
"md","step-01-validate-prerequisites","bmm","bmm/plan/bmad-create-epics-and-stories/steps/step-01-validate-prerequisites.md","7181608c1ee4e55c084c6627d68fc55a8a0b6917e489f8ac77531a0530428a30"
"md","step-02-design-epics","bmm","bmm/plan/bmad-create-epics-and-stories/steps/step-02-design-epics.md","7c66987808c1f84e853fe54b7aff26d209196d450b5644704110f124a15179bc"
"md","step-02-plan","bmm","bmm/ship/bmad-build/step-02-plan.md","d90db50ca7a679dd42f7d1587a909d0579f24480b116d6ed82b4c7d4fe9bea66"
"md","step-02-plan","bmm","bmm/ship/bmad-build-auto/step-02-plan.md","a08e303c10f88dbfce88c55044757ec5059afe338793eb414e1ddb0b7c324625"
"md","step-02-review","bmm","bmm/ship/bmad-code-review/steps/step-02-review.md","3d146c060e838413f1262211cc58b06eeee1a9a86b8997efd83d0dc8c03cfa60"
"md","step-02-walkthrough","bmm","bmm/ship/bmad-checkpoint-preview/step-02-walkthrough.md","66cf893f8f968ee81034e9ccd8c20415692c3a8c23a9a143c2245fe6c800acdc"
"md","step-03-create-stories","bmm","bmm/plan/bmad-create-epics-and-stories/steps/step-03-create-stories.md","c5b787a82e4e49ed9cd9c028321ee1689f32b8cd69d89eea609b37cd3d481afc"
"md","step-03-detail-pass","bmm","bmm/ship/bmad-checkpoint-preview/step-03-detail-pass.md","d48163b9f305f15af57729a8443142e47beb6c3e977554afe12b39ee49cb9fc0"
"md","step-03-implement","bmm","bmm/ship/bmad-build/step-03-implement.md","3b77ca64380b2989016191f488311ff392df0ebf4f641b9898d02b01767a646f"
"md","step-03-implement","bmm","bmm/ship/bmad-build-auto/step-03-implement.md","f3e427c6033a26adcc327e4367db38c619527858a1175b148ec5a6f53d1bb408"
"md","step-03-triage","bmm","bmm/ship/bmad-code-review/steps/step-03-triage.md","46a9e661e8aed6a7347cd7bc0b3f7edd8e4bffcfc96b2e15895f7a8ce2517d70"
"md","step-04-final-validation","bmm","bmm/plan/bmad-create-epics-and-stories/steps/step-04-final-validation.md","5f6033e26ed06e070dcfcefb47d648b5a266012aaed7d53f028ab3f2c0542d20"
"md","step-04-present","bmm","bmm/ship/bmad-code-review/steps/step-04-present.md","08baa98dae5e3bd70f211d1d3ce42f14e25030f4d6b17fc18e8635644847850c"
"md","step-04-review","bmm","bmm/ship/bmad-build/step-04-review.md","bcf300e2faaf413afe1a25498284baabba09681bca089e615530d0b9dc5cee72"
"md","step-04-review","bmm","bmm/ship/bmad-build-auto/step-04-review.md","8e9ff909192e1d5d50f9fc071c4b5eb8830cc921200d423904a30dadca58c3e9"
"md","step-04-testing","bmm","bmm/ship/bmad-checkpoint-preview/step-04-testing.md","28a56e868968ea2d18add0df8c4bccced0f94b698e218df3d45ddac072ce369c"
"md","step-05-present","bmm","bmm/ship/bmad-build/step-05-present.md","81e80f3fd38f8e3049afe9daf41783b86b00ac22544f7f36bd430496a12d8e46"
"md","step-05-wrapup","bmm","bmm/ship/bmad-checkpoint-preview/step-05-wrapup.md","b1f04d64f0c9c9e4c051ebdd81eee1083d60c6aaca96bb5d3d85e0cbeca0143e"
"md","step-oneshot","bmm","bmm/ship/bmad-build/step-oneshot.md","e75505130a2fcc49cd71dfb36c92e76255d39fdfe8d4f735c7c9276e2917cb8a"
"md","stories-schema","bmm","bmm/plan/bmad-spec/assets/stories-schema.md","4f8137c00e2710288354a4466d1cfb90704f4b2a04bd3b63924218fd589cc6a9"
"md","sync-sprint-status","bmm","bmm/ship/bmad-build/sync-sprint-status.md","6c9e2ec17245d2dcb796bd9a36997371a20db8e579a2f803d16064e3bc36c40b"
"md","team-discussion","bmm","bmm/ship/bmad-retrospective/references/team-discussion.md","a9c504c436038c7e47d08322413aa3c213d2859b36ae30e873cb8c60fd9e008e"
"md","template","bmm","bmm/plan/bmad-project-context/references/template.md","c8b9a1fc165996614504bb9c90c5b1c6c808a8d483e36a4d250d79f62fda6fa1"
"md","template","bmm","bmm/v6-shims/bmad-create-story/template.md","29ba697368d77e88e88d0e7ac78caf7a78785a7dcfc291082aa96a62948afb67"
"md","validate","bmm","bmm/plan/bmad-prd/references/validate.md","19b2fa66d58cb4fef3d920cd09c81f8add4ee44dd4191bec87eaba84c2093338"
"md","validate","bmm","bmm/plan/bmad-sprint-planning/references/validate.md","ac680fa0a0f945a9bc0fc89ca709b2a8e6bc3b2617cd0d3d730378c4b5edd86d"
"md","validate","bmm","bmm/plan/bmad-ux/references/validate.md","7c2189d9ac1585d9408b6ed0346ba564869e7db89dba8f81044db3431cfcee65"
"md","verdict","bmm","bmm/plan/bmad-prfaq/references/verdict.md","81c06748ae2cb8e191cd282ecff83bea79532512c994fd4fffbf12c56be58a13"
"md","verification-gap","bmm","bmm/ship/bmad-build/review-prompts/verification-gap.md","11b6bbbd4e3426a25cca81229c98971e5f20ce99638940c47c9c1484011b457a"
"md","verification-gap","bmm","bmm/ship/bmad-build-auto/review-prompts/verification-gap.md","11b6bbbd4e3426a25cca81229c98971e5f20ce99638940c47c9c1484011b457a"
"md","verification-gap","bmm","bmm/ship/bmad-code-review/review-prompts/verification-gap.md","11b6bbbd4e3426a25cca81229c98971e5f20ce99638940c47c9c1484011b457a"
"md","web-researcher","bmm","bmm/plan/bmad-prfaq/agents/web-researcher.md","6e9127bb9bd3e4b15c701e4ced9eef328769262cd34eadc221bebe954c1f3aef"
"md","workflow","bmm","bmm/ship/bmad-build/workflow.md","481ff00ef349a9c7845feca02bbfd5722b1e318ccabac858355da6c90c2d8a39"
"md","workflow","bmm","bmm/ship/bmad-build-auto/workflow.md","f5f538a647b2a09406b11337244d1bd74fe97e7fa85b58a990184fcb480bfd90"
"py","git_evidence","bmm","bmm/ship/bmad-retrospective/scripts/git_evidence.py","6e08688d2943217b61e784c7df3508aa1502d7cecf53ea7cd530944c431c91b6"
"py","lint_spine","bmm","bmm/plan/bmad-architecture/scripts/lint_spine.py","040e0f1c13d31e6a21c518df943d1d7de7b75d8d98a07603b0983f3f3fb500db"
"py","sprint_plan","bmm","bmm/plan/bmad-sprint-planning/scripts/sprint_plan.py","4c30f62c261599fc1da3fd319ea6ce5092aa0332221cedee1763a1040627e6bc"
"py","sprint_status","bmm","bmm/ship/bmad-retrospective/scripts/sprint_status.py","a697eecd53cd9177657aee4cfdb2eab06d7d81f3e855b096cfe0482a74c50ebe"
"py","test_git_evidence","bmm","bmm/ship/bmad-retrospective/scripts/tests/test_git_evidence.py","0abfc8fad338830fc2db656d3ccc500631b0ea7a2ab87d853c13a6bbd46ff13c"
"py","test_lint_spine","bmm","bmm/plan/bmad-architecture/scripts/tests/test_lint_spine.py","e86bb9a62c5cca74ddc89c843386f2b992610fcc1792d40e03bc9cd445b77681"
"py","test_sprint_plan","bmm","bmm/plan/bmad-sprint-planning/scripts/tests/test_sprint_plan.py","f1c3b640e156946b0a234e233807b2a3983cb0d3f2d13dbb9830fbe0c67e5238"
"py","test_sprint_status","bmm","bmm/ship/bmad-retrospective/scripts/tests/test_sprint_status.py","23da16cca54904a256fcf88fd8f912c3f6091ea343768c241bbd2aeebbca2af3"
"pyc","sprint_plan.cpython-311","bmm","bmm/plan/bmad-sprint-planning/scripts/__pycache__/sprint_plan.cpython-311.pyc","5c23ef4b5b0852bea9b4b2ec2c21211caf05b326727deaa86182c5c7d6a69c25"
"pyc","sprint_status.cpython-311","bmm","bmm/ship/bmad-retrospective/scripts/__pycache__/sprint_status.cpython-311.pyc","6f7e9a8ac3417f3a3bc44c2e170902f2b2e5344ef94bb471a25e82e4a5623d85"
"pyc","test_git_evidence.cpython-311-pytest-9.1.1","bmm","bmm/ship/bmad-retrospective/scripts/tests/__pycache__/test_git_evidence.cpython-311-pytest-9.1.1.pyc","57f70b9db2dd5c10bec3ad31c95f79adec465fc29fe63f7aad25088d5ae381a1"
"pyc","test_sprint_plan.cpython-311-pytest-9.1.1","bmm","bmm/plan/bmad-sprint-planning/scripts/tests/__pycache__/test_sprint_plan.cpython-311-pytest-9.1.1.pyc","32f92a5fe7d06ffc744a80c4b3c28c447e30473aebd2355f4484aa2caddb9c9a"
"pyc","test_sprint_status.cpython-311-pytest-9.1.1","bmm","bmm/ship/bmad-retrospective/scripts/tests/__pycache__/test_sprint_status.cpython-311-pytest-9.1.1.pyc","eb6e53b33c1dc73ee50e6d9fd51cba7a976f6b6303fc4a4f41694d865d669279"
"toml","customize","bmm","bmm/agents/bmad-agent-analyst/customize.toml","9b3e94d90784bbb24ab2c8f0563aaece48aa317554622750538e6c0e14478b37"
"toml","customize","bmm","bmm/agents/bmad-agent-architect/customize.toml","82f0f082935f56e6fde41b007440edaa04984eb23abf26a3be7b1442baf0047a"
"toml","customize","bmm","bmm/agents/bmad-agent-dev/customize.toml","f3f107f11f150f62091a792fcdf224dbf8d6c351d24e2b1d08aabb077e655feb"
"toml","customize","bmm","bmm/agents/bmad-agent-pm/customize.toml","086d498b0e3d0c5dd193f8347ba30fdc93efcb57bbdfaff21fb0b418dba81ba8"
"toml","customize","bmm","bmm/agents/bmad-agent-ux-designer/customize.toml","3df7da44945f9df34dbb3a64de086c756e6c298e73078e388e8f9a4f57cbf7ab"
"toml","customize","bmm","bmm/plan/bmad-architecture/customize.toml","a6bb60a3adf976031f2870203285b1fc7a56e71e21232cd23bba544b178b5f15"
"toml","customize","bmm","bmm/plan/bmad-create-epics-and-stories/customize.toml","da9e43605bc6aec83173050b5d37ede6aebfa9a17c5959a5029681d73e744ba3"
"toml","customize","bmm","bmm/plan/bmad-prd/customize.toml","7f9a3a3503a3f758003ce2f1de59c31cc53658223e355fc76055f3140ef34e90"
"toml","customize","bmm","bmm/plan/bmad-prfaq/customize.toml","8994f925bab65bd310e5ab38781286b6137f3e0c9e89f3ab8a2f480eb05e0de5"
"toml","customize","bmm","bmm/plan/bmad-product-brief/customize.toml","50abc46f7c2e7cc7b02e2edc4aa6a237a46ea49dcc6781da5b42bd8968de39ab"
"toml","customize","bmm","bmm/plan/bmad-project-context/customize.toml","9bf8a3aa919832cd8932853da550fcaebd06a9e13c0cde453f4379d8327f9c0f"
"toml","customize","bmm","bmm/plan/bmad-spec/customize.toml","a89e0f53f9b6386c281dd0158a21801a6b16f122085fd68b0220cd403c18f830"
"toml","customize","bmm","bmm/plan/bmad-sprint-planning/customize.toml","f7bde2f792e8604f26122ee792c5493e270710296044b07680db7d90e886caf3"
"toml","customize","bmm","bmm/plan/bmad-ux/customize.toml","61f8bfbb020beb159b8da570ed416b02ec4a9ba3709aa0d08b417648d85328d8"
"toml","customize","bmm","bmm/ship/bmad-build/customize.toml","68a0134f3f9e7f4a7b077aa2dcca1c68f208701d3487482e84afbee8717efec6"
"toml","customize","bmm","bmm/ship/bmad-build-auto/customize.toml","eb0b39a3e24e86e9dbca98506c8384ec452c539acb690063cabab4385c82f09a"
"toml","customize","bmm","bmm/ship/bmad-checkpoint-preview/customize.toml","1a1e0c3a8914adda3cec925eed51287e067c7f84120de64a8df53348e7b77de5"
"toml","customize","bmm","bmm/ship/bmad-code-review/customize.toml","4f50371c61dea41c100b137e3d2ac750b4e55bb3be55e5a62c77f527dae22f94"
"toml","customize","bmm","bmm/ship/bmad-correct-course/customize.toml","78095d25afb5b2d4844956f61e9ac640a62d0245174fab9406e9c289f33fd84b"
"toml","customize","bmm","bmm/ship/bmad-qa-generate-e2e-tests/customize.toml","04a99926b2d79318b927434c7344dc666f143026ed99c7fcc0d6e3d68263ae66"
"toml","customize","bmm","bmm/ship/bmad-retrospective/customize.toml","ff6fdda35fa4b7d9c2dcb4ffc3e06e56de9a588d4e4e6908379bc16a904d4225"
"toml","customize","bmm","bmm/v6-shims/bmad-create-architecture/customize.toml","618be49b0286f18dfb4b6bac3d96bf1cf062994fa5278cd327be9898e651b43c"
"toml","customize","bmm","bmm/v6-shims/bmad-create-prd/customize.toml","0c990af4c0a755402abbef893850bd542744a8b6f36c0587c9f3fb6dab6bf5e7"
"toml","customize","bmm","bmm/v6-shims/bmad-create-story/customize.toml","1204f6de064436922f2813069778eb4eaa5f1f945aa8ea5a5ffb87897a2ba8fe"
"toml","customize","bmm","bmm/v6-shims/bmad-dev-story/customize.toml","baba9f07f653063aa94981f1413d5dd4f604931077fbfb04d9c2e397f8d33237"
"toml","customize","bmm","bmm/v6-shims/bmad-edit-prd/customize.toml","35cc2dfb3eda73a0ae4dc987cac58867b25c43ce5c5a1bf552e215826ede6c22"
"toml","customize","bmm","bmm/v6-shims/bmad-sprint-status/customize.toml","96261fd227befaa4685b0a5091d3e85299d4ae8e4404176b42f5ef2e2fb501bd"
"toml","customize","bmm","bmm/v6-shims/bmad-validate-prd/customize.toml","bfb3c8af5b81b2cdb9bb84f844f1b0dafc40d8c283effa6ad48db966b9446cef"
"yaml","config","bmm","bmm/config.yaml","def06146f8c41d1eaf93b48b9f3c16199a8ba9f06ca3cee3798a7af9973a692d"
"yaml","sprint-status-template","bmm","bmm/plan/bmad-sprint-planning/sprint-status-template.yaml","64b1a937e1fe03b8b8d158e3b1caeb89e7d51692a56c16038e2af091decc553a"
"yaml","sprint-status-template","bmm","bmm/ship/bmad-retrospective/scripts/tests/fixtures/sprint-status-template.yaml","64b1a937e1fe03b8b8d158e3b1caeb89e7d51692a56c16038e2af091decc553a"
"csv","module-help","bmp","bmp/bmad-bmp-setup/assets/module-help.csv","1d9c99f16f700a53be6984683860c180f1a9a7cdfab827419156e9927767c503"
"csv","module-help","bmp","bmp/module-help.csv","1d9c99f16f700a53be6984683860c180f1a9a7cdfab827419156e9927767c503"
"md","SKILL","bmp","bmp/bmad-bmp-setup/SKILL.md","7d27caa9b1f374a426c6ad6d1bd3dd06784bd0b465c9be9bec58385c74a6b5c8"
"py","cleanup-legacy","bmp","bmp/bmad-bmp-setup/scripts/cleanup-legacy.py","827b32af838a8b0c4d85e4c44cfe89f6ddfffef3df4f27da7547c8dcbdc7f946"
"py","merge-config","bmp","bmp/bmad-bmp-setup/scripts/merge-config.py","56f9e79cbdf236083a4afb156944945cc47b0eea355a881f1ee433d9664a660d"
"py","merge-help-csv","bmp","bmp/bmad-bmp-setup/scripts/merge-help-csv.py","f30cd4c3a2c66153c54a6574caf0d1de82bbdad0ebe219f6cc16afb982873968"
"yaml","config","bmp","bmp/config.yaml","06a02082f3670283892d04cd529d192be616eac3424bad178200548e56abd324"
"yaml","module","bmp","bmp/bmad-bmp-setup/assets/module.yaml","282a50ad9526226224da850ff1720773d3fb04e000c366a6b97a059608875de0"
"csv","design-methods","cis","cis/skills/bmad-cis-design-thinking/design-methods.csv","6735e9777620398e35b7b8ccb21e9263d9164241c3b9973eb76f5112fb3a8fc9"
"csv","innovation-frameworks","cis","cis/skills/bmad-cis-innovation-strategy/innovation-frameworks.csv","9a14473b1d667467172d8d161e91829c174e476a030a983f12ec6af249c4e42f"
"csv","module-help","cis","cis/module-help.csv","0c02169aee8d548ee7b190c16551dc681df217c55b8fffff5fc8ada017f2270f"
"csv","solving-methods","cis","cis/skills/bmad-cis-problem-solving/solving-methods.csv","aa15c3a862523f20c199600d8d4d0a23fce1001010d7efc29a71abe537d42995"
"csv","story-types","cis","cis/skills/bmad-cis-storytelling/story-types.csv","ec5a3c713617bf7e2cf7db439303dd8f3363daa2f6db20a350c82260ade88bdb"
"md","SKILL","cis","cis/skills/bmad-cis-agent-brainstorming-coach/SKILL.md","138f35b7d5103df70adda73b2609ec36077b90d37c185d3439aba2433bb5978f"
"md","SKILL","cis","cis/skills/bmad-cis-agent-creative-problem-solver/SKILL.md","bf3cce8bf90a9c1ddd6473adec9d8314b4d2909984a004f53cd1897eea0b2b58"
"md","SKILL","cis","cis/skills/bmad-cis-agent-design-thinking-coach/SKILL.md","cfec616e2987154ce236c45ff99e530772c090aa7fd6d49a5c9504aebf5780e6"
"md","SKILL","cis","cis/skills/bmad-cis-agent-innovation-strategist/SKILL.md","4d207941d69cdf317195543253b0a87c0b42249101cc5fe4b3ff4072e090f1e5"
"md","SKILL","cis","cis/skills/bmad-cis-agent-presentation-master/SKILL.md","33f0bc388af7005d1f78f4adf5d942ca24da24154ea45247054b516bb2a06b6a"
"md","SKILL","cis","cis/skills/bmad-cis-agent-storyteller/SKILL.md","84371318da482f31e91650e4cb3cd15ac28c666b9dd18946cb7595b7a85d04d3"
"md","SKILL","cis","cis/skills/bmad-cis-design-thinking/SKILL.md","b3d0ae8981fe8ef1f264618772cacb4c497c3eed2c1b069244c1cf7806b32681"
"md","SKILL","cis","cis/skills/bmad-cis-innovation-strategy/SKILL.md","58a697901833d5f86f4ee8dadd6c985b5aaa1cba312c2e204afc605988ee6277"
"md","SKILL","cis","cis/skills/bmad-cis-problem-solving/SKILL.md","10c905948cfebf4979929dfcc1a9023bc41e91228e0c62eb2471ac4dcc6e9675"
"md","SKILL","cis","cis/skills/bmad-cis-storytelling/SKILL.md","6f0e3fbf5eee9cc7cc4a74db794b764f7d1e76ea8016053d7bd21f5ec4a20bae"
"md","template","cis","cis/skills/bmad-cis-design-thinking/template.md","7834c387ac0412c841b49a9fcdd8043f5ce053e5cb26993548cf4d31b561f6f0"
"md","template","cis","cis/skills/bmad-cis-innovation-strategy/template.md","e59bd789df87130bde034586d3e68bf1847c074f63d839945e0c29b1d0c85c82"
"md","template","cis","cis/skills/bmad-cis-problem-solving/template.md","6c9efd7ac7b10010bd9911db16c2fbdca01fb0c306d871fa6381eef700b45608"
"md","template","cis","cis/skills/bmad-cis-storytelling/template.md","461981aa772ef2df238070cbec90fc40995df2a71a8c22225b90c91afed57452"
"toml","customize","cis","cis/skills/bmad-cis-agent-brainstorming-coach/customize.toml","144d8e5800212c6f3043b9a72007935d675450605efd4411e4cf811cdcbd9539"
"toml","customize","cis","cis/skills/bmad-cis-agent-creative-problem-solver/customize.toml","490ba2b2fec853b1e796ba8ad5e9afdef3ae95d8c46a16142c369b655f104a19"
"toml","customize","cis","cis/skills/bmad-cis-agent-design-thinking-coach/customize.toml","8f541d867ba9edbb92357df2b55743743983841d37271bd167bd770ce77aed38"
"toml","customize","cis","cis/skills/bmad-cis-agent-innovation-strategist/customize.toml","a00e1494855d6eb40ed288542fafdbb6276225b18203954fd4d9ab970cc55091"
"toml","customize","cis","cis/skills/bmad-cis-agent-presentation-master/customize.toml","9988c3dd6a3e4a270f14df1a35de5d517da7257b71a1cbb62bab72371a67ba67"
"toml","customize","cis","cis/skills/bmad-cis-agent-storyteller/customize.toml","ea7a4e1d5c97907daf97a0f88ec5d864c3471d23423cf08b83ffa08b9c28cab7"
"toml","customize","cis","cis/skills/bmad-cis-design-thinking/customize.toml","304fa99b54c627f41e60fd9b80043edbbf2d8ea9cf042f081ae03f50f387a7bd"
"toml","customize","cis","cis/skills/bmad-cis-innovation-strategy/customize.toml","0a11d3f62fd2b8782295652d5c608480cf38d597ed352c9cf9e7c62177ef261e"
"toml","customize","cis","cis/skills/bmad-cis-problem-solving/customize.toml","4314eb4f297d58bf383c57a9cbf608270d065e62ab9456544b4c337f12c42392"
"toml","customize","cis","cis/skills/bmad-cis-storytelling/customize.toml","10cbc4a4e3c5a65a9f1de7f8a21835962343c1638a3513142dbbeb4dc524f861"
"yaml","config","cis","cis/config.yaml","5706995e087a6992994f4ee6122a53f76ff43ada0f17a305cd423671eac7eb82"
"toml","config","config.toml","config.toml","5fe51f118726b86cbc6bde5ae7962cd3c9d6e13c3385cb3521f223a97ffddf0d"
"toml","config.user","config.user.toml","config.user.toml","be1434f225fd0a1032cb87bdff2ab4704be51797e9eca87e27ab431d08da8f8e"
"csv","brain-methods","core","core/bmad-brainstorming/assets/brain-methods.csv","fff112eabca1a9cb8b190f8314bc47678becc5782a2372e11c83daa0e33b6dfd"
"csv","methods","core","core/bmad-advanced-elicitation/assets/methods.csv","d110ff5f076fb9421552b83692fde2c2d367734049169c7a55f7267a3dc7ef89"
"csv","module-help","core","core/module-help.csv","3d5feb19c1750d35676530c746a5c71e8959616f3c32fb161847971611d81b6b"
"html","brain-selector","core","core/bmad-brainstorming/assets/brain-selector.html","c110919a3366bd96061f050f98503e3586185e3d1df5ff8b62a5a046c571a436"
"json","brain-icons","core","core/bmad-brainstorming/assets/brain-icons.json","a101c56e89f1d0f9e4131dfdfc19e10c746e3a61c3f92537d04a6f4897b7d331"
"md","academic-lit","core","core/bmad-deep-recon/types/academic-lit.md","514b0b7b1184cb95363dedeb0c2298a9bf5c430c74146fe2114f31780fadb325"
"md","competitive","core","core/bmad-deep-recon/types/competitive.md","39b53df87d295fdc4388719fcdf31ad2221e64afc136e669207f46d2727a3aec"
"md","converge","core","core/bmad-brainstorming/references/converge.md","1528c32ddc64f8061fec663306f7208d2fd4d4a90e660552b8138bda7e452dc0"
"md","create-party","core","core/bmad-party-mode/references/create-party.md","2f810332c36c17d14eb55717aed48f3020acf0713bb9f932479be9fbc3856e9e"
"md","domain","core","core/bmad-deep-recon/types/domain.md","3a34b2e62c3589f8c8d01158357ee9fba32648c9fdfe70035bb3ca971862896b"
"md","draft","core","core/bmad-deep-recon/references/draft.md","ac19b33a00ca529c3281df6076f87a833a3b11fc30915ca2c6e7590f7986b90e"
"md","editorial-common","core","core/bmad-review/references/editorial-common.md","f0cdc72ea345b2c5dc3001477b3dfcc909ca11b78f7db8865b6763d18ffc66c8"
"md","finalize","core","core/bmad-brainstorming/references/finalize.md","b6074e7fb4d86ffcf899abc50b9049b4a1f6fe550917f4be7a1c7a888477e07e"
"md","finalize","core","core/bmad-deep-recon/references/finalize.md","d2ba4bee615dfbca6e7725179fb5ebd856dd34a54ba3f306e25255dfd7b1d126"
"md","headless","core","core/bmad-brainstorming/references/headless.md","b8ea5951199cff7e4813e06aef35683ca0658230fa015e358cacc466b1138a42"
"md","html-briefing","core","core/bmad-deep-recon/references/html-briefing.md","cd3a88c1a5505fa7f1b715afc3adb34f3d64ade66f4c6b49a59f7e8cfcbe38d4"
"md","in-chat-techniques","core","core/bmad-brainstorming/references/in-chat-techniques.md","18239464e3e4f00ea9063d015d26d6b0a696b72e7e3c5be92352da6db9a3f244"
"md","lens-adversarial","core","core/bmad-review/references/lens-adversarial.md","7c5ce97ab2f3ecb96ceb6aa76417f68c1b7df535edd3cc51666d8e1216e6e557"
"md","lens-edge-case-hunter","core","core/bmad-review/references/lens-edge-case-hunter.md","f2709e3adb40943ea0f19d0797be379caf0875eaef9a55081dc1e170e8288b68"
"md","lens-prose","core","core/bmad-review/references/lens-prose.md","4cbcb1eaea8567d272f5db7c6cdfd74ed5a8aae6831053cb2f01cbfc2cb98b98"
"md","lens-structure","core","core/bmad-review/references/lens-structure.md","98c08221f517133e57ef6325013935360c3365ebd7dcb8411b2050d7df507ee3"
"md","lens-verification-gap","core","core/bmad-review/references/lens-verification-gap.md","e7123d81171eeeee1b3782d13d94c2988969fe357dd71949131a5eb97803e2c6"
"md","lifecycle","core","core/bmad-deep-recon/references/lifecycle.md","2315fd9cb9223504639616b861ad593bfecb53d605efbd598ae2cf94fb6c4cdf"
"md","market","core","core/bmad-deep-recon/types/market.md","81ac04499da441857672e29fcd7169436a7e239e67194288ac0d526ec514cb5e"
"md","mode-agent-team","core","core/bmad-party-mode/references/mode-agent-team.md","def759a17f4bb45463b68fb74c2b828b0a4241720b2b6cc1c9c611a1016ae9d7"
"md","mode-auto","core","core/bmad-party-mode/references/mode-auto.md","a37fd24f76dfcde385890d5c5947bb6f40ca44bea86c805d267b6ae3aab39f70"
"md","mode-autonomous","core","core/bmad-brainstorming/references/mode-autonomous.md","d815d2c7f0f8cc0cdfa7c619eaf61f59fd78142f13c69365eda257da38b97bdf"
"md","mode-facilitator","core","core/bmad-brainstorming/references/mode-facilitator.md","1b908498d285d190859aed00c3ba5b399d7f6aa8e94d54e95456d15cd6fe6073"
"md","mode-partner","core","core/bmad-brainstorming/references/mode-partner.md","caa0ed378c116def4de382f4e5a95173c6ae6cc5464f1792e7d8196360f79c8a"
"md","mode-subagent","core","core/bmad-party-mode/references/mode-subagent.md","86161b24a0b13b8f9cb9309042e4249d8caefff8cc33728b084cd2ec22f9d2e1"
"md","party-memory","core","core/bmad-party-mode/references/party-memory.md","800b4b4b920bb881a7b32aaabca8559a98273799b2476d83a23e290e301fb315"
"md","process","core","core/bmad-deep-recon/references/process.md","9017d04774807a29103ea97331e555e2793f90098af65752b72f3ee09df85906"
"md","README","core","core/v6-shims/README.md","017900bb03baeddc0262041a6aa85bce744e8c45991dcde32ef042f9bc2a32b2"
"md","research.template","core","core/bmad-deep-recon/assets/research.template.md","87d7cfa85fa5036b5a309b7bfb88f7934f50bb81f3cff02d2b49b4c7345cfc38"
"md","resume","core","core/bmad-brainstorming/references/resume.md","0f79535d72eefe6c55bd5ae47fe4753de8d27235cf129f10b2c596a124c26526"
"md","run","core","core/bmad-deep-recon/references/run.md","8e259dc88820ac989c79620af5c37e24f00df21ac4af308ce3563c0e66c9406c"
"md","selection","core","core/bmad-deep-recon/references/selection.md","2b488c08f9550afe7fda32c2dc5d4591927afd7b9ad507fcce0ae8593c4b9d31"
"md","SKILL","core","core/bmad-advanced-elicitation/SKILL.md","23a1f2903f6a19255e3ceae798afe48f6394694769b3b034502d174d683612b2"
"md","SKILL","core","core/bmad-brainstorming/SKILL.md","e9cb07fe86aa254f9fb7217720d77fd693bf66a0c01af8114ecdf7148159fdd1"
"md","SKILL","core","core/bmad-customize/SKILL.md","a42086f90024013e2611503eb0224ac0e90b2aecac44a886ae0e38cfdda69511"
"md","SKILL","core","core/bmad-deep-recon/SKILL.md","dce5f7db03094a617cc3fcae1711b1dc7ccebe379376e67216544956d375f0d2"
"md","SKILL","core","core/bmad-forge-idea/SKILL.md","a838096deb871b3482dffe6163be16104f7911698b25af5617751655fd3295c9"
"md","SKILL","core","core/bmad-help/SKILL.md","68a19089a0073b299c705e9afaa8d18183e78f88a185a68e9efba2e14062effc"
"md","SKILL","core","core/bmad-party-mode/SKILL.md","de035b4e081fdd626a20114178f706ac222f519171d82b02139a7cec561a3487"
"md","SKILL","core","core/bmad-review/SKILL.md","144e6c46d9157f7a88722c56139cd78c12903b1283ed84dd9c2b1f5dfa7673c1"
"md","SKILL","core","core/v6-shims/bmad-editorial-review/SKILL.md","3b939876b4977bec7f2d3ee33a8871b266f25efc72768d72868ac26ff9158cd2"
"md","SKILL","core","core/v6-shims/bmad-editorial-review-prose/SKILL.md","153e7b0a240c3f5e49d6128ff1797aabc368618611d895f7f152e73fbcb12fab"
"md","SKILL","core","core/v6-shims/bmad-editorial-review-structure/SKILL.md","5e45da216b00aad3955a7196df6cb8e52167f441d2dcd7c064983881691bf1e8"
"md","SKILL","core","core/v6-shims/bmad-review-adversarial-general/SKILL.md","ca1d05a05eb41ec446abd862e9afe4a88b9188a3bb93bc3e70ca68ecb8740619"
"md","SKILL","core","core/v6-shims/bmad-review-edge-case-hunter/SKILL.md","f9db1d7f58c5e3f7586c10c920d4dd9d6c6d6e2dff5cd49110ec1edb387937a1"
"md","SKILL","core","core/v6-shims/bmad-review-verification-gap/SKILL.md","4ee67cc3d7355ba05d195797cb2d57d45f9046ee31781f2d133ff3484cfb53ae"
"md","structure-models","core","core/bmad-review/references/structure-models.md","f84f85070e1af75f2482757aba9d37d69d805a20826d185527e598f2ba6b9292"
"md","synthesis","core","core/bmad-deep-recon/references/synthesis.md","4d9ef1247ab45241f919010e94c99699abc0a6e18b5bd68fa93ae54afe59d172"
"md","technical","core","core/bmad-deep-recon/types/technical.md","55f71428c70547b89d67ef0c6cdad59caeb0ee21082cd1230c05618ba8d04707"
"md","user-voice","core","core/bmad-deep-recon/types/user-voice.md","1831ce46e53e8c68244d28e336c5ef9e53e64f21a00b74a817b9b2924c1e8e72"
"md","verification","core","core/bmad-deep-recon/references/verification.md","0393ded4828fec69a4819d7236827910d641d09c3b61144c0211a9a78776fdd2"
"py","brain","core","core/bmad-brainstorming/scripts/brain.py","1c75c667fc70a85055dd19d77fb21478e190874e4a61d070c3b0971dd1bd25cc"
"py","list_customizable_skills","core","core/bmad-customize/scripts/list_customizable_skills.py","8787f542930b927789e7fdf12bc5a67ff08e19865903a5ad05ff2cc8fc426b66"
"py","pick_methods","core","core/bmad-advanced-elicitation/scripts/pick_methods.py","60020ec4767894ea3d8707c4b61e78b679d434315be1dd29154bf64d88126fff"
"py","recon_kit","core","core/bmad-deep-recon/scripts/recon_kit.py","8cb5187b5114b779532907383a013d40fdea1022bb9bed9a23bd8d0fdfa79e8c"
"py","resolve_party","core","core/bmad-party-mode/scripts/resolve_party.py","0bed5ad2139f4412699c07d571c218470901b901ca4a72b441ec9308dbc8ce74"
"py","resolve_personas","core","core/bmad-forge-idea/scripts/resolve_personas.py","b3e5f2f38de013ad878d8ac9c1d4e77d555c2d665dd6c0bc16f9f567d2bbd30c"
"py","test_brain","core","core/bmad-brainstorming/scripts/tests/test_brain.py","021c0b9fae8db859725312d50d8b304fff00ee7acc310699c35523e86bffbdd8"
"py","test_list_customizable_skills","core","core/bmad-customize/scripts/tests/test_list_customizable_skills.py","24c3d384b3b5d490b7335c17866bfe0425af253ce669c32382fa88feb705934d"
"py","test_pick_methods","core","core/bmad-advanced-elicitation/scripts/tests/test_pick_methods.py","610099d8494529f9203d7262567810b500552bcef006b3b6388d58da3da71978"
"py","test_recon_kit","core","core/bmad-deep-recon/scripts/tests/test_recon_kit.py","1b4ddf482dd2d11a214ee2f821c35d7a8c41905b5d8d9cc69a293304bb8a1665"
"py","test_resolve_party","core","core/bmad-party-mode/scripts/tests/test_resolve_party.py","bb53fe03ec3013ed96c0fb399c1948f28bcf55cb2d7727fe0189343fcaa667d5"
"py","test_resolve_personas","core","core/bmad-forge-idea/scripts/tests/test_resolve_personas.py","1c4fa4b1d68bfbd10e4b38cad3c8286dad62345cebd08fe94a6862351b02855e"
"py","test_word_metrics","core","core/bmad-review/scripts/tests/test_word_metrics.py","3b5a285d3c9f611b3cda8c9c1d52d6b214c1f72e6e64a94ea5b0e220db5a8765"
"py","word_metrics","core","core/bmad-review/scripts/word_metrics.py","fb45007a7f3cfc18d13ee8bd4787facdaae297570193bc769456297dd33da78b"
"toml","customize","core","core/bmad-advanced-elicitation/customize.toml","735a276edd51786ccfd2c3417d9a2b9dee4244a6102698981b3888f68d979ed9"
"toml","customize","core","core/bmad-brainstorming/customize.toml","21fcbc60c78db99ca0424da192ba0942dce2189f350f77838e4d3ecd501edd1c"
"toml","customize","core","core/bmad-deep-recon/customize.toml","24d1383066034fd4fcf282279aaf0d29d21910fd1247dfe3dbad74a70e78814d"
"toml","customize","core","core/bmad-forge-idea/customize.toml","ef5fadd1df3550cae00b1b442606bf84d187bfd55397563f143e1057430df45c"
"toml","customize","core","core/bmad-party-mode/customize.toml","9c6ee33cd7fdd80e4adf514c3d54636d933d5250c2ddd78041c6cfe73b745bb0"
"toml","customize","core","core/bmad-review/customize.toml","38470c888a809ee030dc11d38868bb1ac5c1d547f06d218b711be5df53385c00"
"toml","customize","core","core/v6-shims/bmad-editorial-review/customize.toml","a5c5fed539e6543121e57cc29bb65559bb6391efc806bf8759c8e29697a94a34"
"yaml","config","core","core/config.yaml","2872b485e04f7bfc0b7c6a245b52c6e2c1da1e6ba9858873ea0a6f89c37b2f95"
"file",".gitignore","render","render/.gitignore","240a3e0d37d2e86b614063f5347eb02d4f99ca6c254de6b82871ff8d95532a7d"
"py","config_utils","scripts","scripts/config_utils.py","48afe2bc18a29201e343cce3703be1e70df9c83ee74eeb68e57ef8ef42e8c651"
"py","memlog","scripts","scripts/memlog.py","3b00f82ca33dc4227f715123b939514ee35c4f9c71150c894c3d8185df1b48df"
"py","render_skill","scripts","scripts/render_skill.py","8496d0d8b449d64c21b42a9aab3b13fc8a813a430c0695ffd84ad75bb1da7942"
"py","resolve_config","scripts","scripts/resolve_config.py","fc78866fd42862d486d4346d2b35705f916a19e6c07bb474f8add25c71734a8e"
"py","resolve_customization","scripts","scripts/resolve_customization.py","9b5124e0b781823a015a19d6cf5db52bbc34b6bab41c036fd1b3d464c2a137cd"
"csv","module-help","skf","skf/module-help.csv","07f76faa0baadefb24828dce425edef950ad6488918346c54d7f1b0d8641c427"
"csv","skf-knowledge-index","skf","skf/knowledge/skf-knowledge-index.csv","a8f1036300c0b15e49b94a96352ae89ed5866c6b0c2e7b7dd16a7529ca736885"
"file","VERSION","skf","skf/VERSION","7fbd210ebec11f65a97190ef900795c4b8da3805af3f5a1b8d1d272556b292ca"
"md","agentskills-spec","skf","skf/knowledge/agentskills-spec.md","1a238bf5fcc7afa3eb716e1c04d83596f2c80aa53929464013f55f2e4a580156"
"md","analysis-report-template","skf","skf/skf-analyze-source/templates/analysis-report-template.md","6456a86f933a495cb86462d186a096b9d63f4a604c1c157b7951b951775a0976"
"md","architecture-verification","skf","skf/knowledge/architecture-verification.md","c8219e23ec9f1bae45f198955fac5fdd3894a9034122aa318e45a963e7d8242f"
"md","ccc-bridge","skf","skf/knowledge/ccc-bridge.md","dba893bc2df10dd8242dc7dc098cac8226da8486b76b7a6079b0b1635872b52f"
"md","compile-assembly-rules","skf","skf/skf-create-skill/assets/compile-assembly-rules.md","4ffea48f09829a72b9a58360456a04008a4ea776d772bfb4c7ad86bf4f7a389b"
"md","compose-mode-rules","skf","skf/skf-create-stack-skill/references/compose-mode-rules.md","6397008590c2b4f9476f484e970922cd5f5016a759beea3c6fe305912f06929b"
"md","confidence-tiers","skf","skf/knowledge/confidence-tiers.md","4c5a1434da7e407a27b8fea1591d99ea81c979027bf0c326eab104c89bf112d4"
"md","coverage-patterns","skf","skf/skf-verify-stack/references/coverage-patterns.md","3b1679d8271b06252b1f9ef4d5f675fd1d23b1ea566ca1808872199b7a217bb9"
"md","doc-fetcher","skf","skf/knowledge/doc-fetcher.md","7a5de9721092ae480a240c5a54b848d85d646ae083191a9a4aefba7015b702d3"
"md","drift-report-template","skf","skf/skf-audit-skill/assets/drift-report-template.md","693749d4ff9a77c07b4425c72c5d6538844b85414736531357eb7571c2b54187"
"md","extraction-patterns","skf","skf/skf-create-skill/references/extraction-patterns.md","2e6e61a85cac7c18f30a81bab3bc487f30dd2b7b1bf5bc1f7640d19f7f90fff6"
"md","extraction-patterns-tracing","skf","skf/skf-create-skill/references/extraction-patterns-tracing.md","e8bd65d75d6f0ac3a44fc82fbea0166648e2ed39bc6ef72c41c5b54da7d6105c"
"md","feasibility-report-schema","skf","skf/shared/references/feasibility-report-schema.md","7e78151236b8f39816cf49bfb183f14b750defea9e16cd2ed7887a2819495f13"
"md","feasibility-report-template","skf","skf/skf-verify-stack/assets/feasibility-report-template.md","f596b602601fcb4c0c01fa82b5a4346c829d593a999d0ac0562bb2a82ac6a781"
"md","headless-gate-convention","skf","skf/shared/references/headless-gate-convention.md","e4b0392ad155d0e2daa7c01106a16aafa6d7b882de9ea8b035a9028263db6daa"
"md","health-check","skf","skf/shared/health-check.md","056e6c1ea1ab1e50c7f5eb76aad9160980ce2d77502e9d2bae74398423c5e376"
"md","integration-patterns","skf","skf/skf-create-stack-skill/references/integration-patterns.md","ae4f57e31e1865388b757b7c4534558879faebdc8bd0127b5af0106f526196ae"
"md","integration-verification-rules","skf","skf/skf-verify-stack/references/integration-verification-rules.md","2afe7e65111bdbac0dbd8581e5a663b5cde85d1615151bfb70d27fd5ac47a6c1"
"md","managed-section-format","skf","skf/skf-export-skill/assets/managed-section-format.md","3477bfb9d12ef23ab5162203bcecac2252092ef3e6ccf8d0ecf37c64a8dd8bac"
"md","manifest-patterns","skf","skf/skf-create-stack-skill/references/manifest-patterns.md","05733a97b1034c3d5e4694aed620d124f20e537a94933e5e8dbd49adc14f6efe"
"md","manual-section-integrity","skf","skf/knowledge/manual-section-integrity.md","9555c87fea3c2ac8365d4a1d63f08445fd8b97e87c18e1e5f09d8458791ce094"
"md","manual-section-rules","skf","skf/skf-update-skill/references/manual-section-rules.md","e9ace7818fee5914838d5b779bb4ed5e4475a2137153cddbe29a19867c1d9e9e"
"md","merge-conflict-rules","skf","skf/skf-update-skill/references/merge-conflict-rules.md","e947620eb8461c68955dab66634c4640683a130ff3ffdeb1cea052021222a7a7"
"md","migration-section-rules","skf","skf/skf-test-skill/references/migration-section-rules.md","92b0114e492e99c0e3f3478f6ca897dec4e38456ca803b4557b0b5849491f0cc"
"md","output-contract-schema","skf","skf/shared/references/output-contract-schema.md","b8738e3531daa7abe55e86c7603097a4b29af8000f589eafb0bbeca8639f7677"
"md","output-section-formats","skf","skf/skf-test-skill/assets/output-section-formats.md","6dc9a8d068fd70a78b9cde694e3b56b9596186a21c6adb3e3e00f8ce3dc3b66b"
"md","overview","skf","skf/knowledge/overview.md","47cf7e70434e1491a5bf53ae7332a4b97ccf3760eb09b3c53782bc49fb217a12"
"md","pipeline-contracts","skf","skf/shared/references/pipeline-contracts.md","6a35cb1cefc8ede971ca3769ccc1f6ddddeee83a7d112e5da3d9188404a6f6f5"
"md","progressive-capability","skf","skf/knowledge/progressive-capability.md","6f69bb9f0176861574d9c457a5e36f6b6e7752efa48f57c9a9be5003d8a17ae0"
"md","provenance-tracking","skf","skf/knowledge/provenance-tracking.md","c4bab057828bf76d7613966c55cad877e35d37a8cc145369a0395257f5aa65ac"
"md","qmd-registry","skf","skf/knowledge/qmd-registry.md","6564886f0fc1749442d6e2f01d248dc9327fd00401986351b89ef393bbca6d25"
"md","refinement-rules","skf","skf/skf-refine-architecture/references/refinement-rules.md","a0d68bf0d30fe100eeccd92fb5e176c5ebd8847fe83d7d571667f74a4e2b0041"
"md","registry-resolution","skf","skf/skf-quick-skill/references/registry-resolution.md","e52ec6719591e9cbf5c4d6e1cdc9705957393887f2a6101c534e5f7d1827eb3f"
"md","remote-source-resolution","skf","skf/skf-update-skill/references/remote-source-resolution.md","483438f3606db683a200d95d9edb174ea01380dd98d4a6fb0d14b53fa0e8a26c"
"md","scope-templates","skf","skf/skf-brief-skill/assets/scope-templates.md","379abde2d7f2eec988fdfe589960a52864f844f605f9bfdd7370c9d77908139c"
"md","scoring-rules","skf","skf/skf-test-skill/references/scoring-rules.md","4301cb9c5586fa582f8388b848a08f1d5604ed5aed3732f43399d7f819ec5909"
"md","severity-rules","skf","skf/skf-audit-skill/references/severity-rules.md","c4e554944008e5a6860d3bafc2e59317b7d114fe24bdc33f7f12be8286e0940f"
"md","SKILL","skf","skf/skf-analyze-source/SKILL.md","5f8c09d7df27c39fa2df968cdd08d15087366ea6a6bffcc5acc5dc065d7d4e28"
"md","SKILL","skf","skf/skf-audit-skill/SKILL.md","9f8af5a8cf22ca7a2d66029d671b9393d9647456462c31f7ffe1ea2e4b6f253e"
"md","SKILL","skf","skf/skf-brief-skill/SKILL.md","5daf0766851e2baa01d8b51cc46bf641143ac2a47cd8fe564e9e624b4121a7ff"
"md","SKILL","skf","skf/skf-create-skill/SKILL.md","8ee617818c0a2966c1f31f6fcc76e0b9a54dd8d86b4924137245b1796705e105"
"md","SKILL","skf","skf/skf-create-stack-skill/SKILL.md","3f2d6862889fc0040d9902ed70734e490651753a4178fc850e5b3b63ed51a765"
"md","SKILL","skf","skf/skf-drop-skill/SKILL.md","b075038017e9cd59cf853a20df65a7bac3464dd75869e49826e3d91ed86e490d"
"md","SKILL","skf","skf/skf-export-skill/SKILL.md","a68002cc4b3fc06915d659bf3651ba1103029aaf2074321eb0fdef2b0c80da54"
"md","SKILL","skf","skf/skf-forger/SKILL.md","032d29648113d7835f773cf98b71296fa68c106dd82368325aeaf616b085f7ba"
"md","SKILL","skf","skf/skf-quick-skill/SKILL.md","cc56d7a910ad9e595cfb2797a945b903afc9b19e144a49717a56c662e1cbfba9"
"md","SKILL","skf","skf/skf-refine-architecture/SKILL.md","bc87a55fc7c5cfa7d5caee303d3389a634276cb2cf0ec58fbcc9e4bfa417b240"
"md","SKILL","skf","skf/skf-rename-skill/SKILL.md","90efc5f3e7d1b9646943bbc28e481b39118bd720e9f55d6d63f75d04a53ed867"
"md","SKILL","skf","skf/skf-setup/SKILL.md","c4ca814060eedbb876397b4b259067dc7c9a91f8788e301835f6573b3cf49e23"
"md","SKILL","skf","skf/skf-test-skill/SKILL.md","dcbe26ec16b87be96c58fc6cc5e8f91a617bb0d714d4caa6d0f6d756a98b7a74"
"md","SKILL","skf","skf/skf-update-skill/SKILL.md","31088906efb8a32a7b4d657638f8ba2dbcc66a4d1b87e66025f7824ee3c91c38"
"md","SKILL","skf","skf/skf-verify-stack/SKILL.md","36b8467677bb07e1102e8c1874910b12a90fb6f0b8fc5e8af559433cbfa5e7c7"
"md","skill-brief-schema","skf","skf/skf-analyze-source/assets/skill-brief-schema.md","701afec0ea4da52221b3391610a244df4a6b7b7295ada5dab9cc677a0a2089bf"
"md","skill-brief-schema","skf","skf/skf-brief-skill/assets/skill-brief-schema.md","43c6180bacec3dc9b138cd1b326da317b0bcefe3d03ef105c73eb3d1e363eeaf"
"md","skill-lifecycle","skf","skf/knowledge/skill-lifecycle.md","9906a6eec06c205f926833781cbb529f503475cded23afe842f5d29803b39370"
"md","skill-sections","skf","skf/skf-create-skill/assets/skill-sections.md","16162f97eda7e20b2a9b5d14c70c9649d2d19b32539840f987cefe926b67e4d0"
"md","skill-template","skf","skf/skf-quick-skill/assets/skill-template.md","bd54357eaaacc70724d5faa5360874a3ebc674dfca586bfa5044d881e635e69a"
"md","snippet-format","skf","skf/skf-export-skill/assets/snippet-format.md","98bc3e70607f81db530cc65ec4a1f27915c2f1fe761c354c00186fe34b8dd32a"
"md","source-access-protocol","skf","skf/skf-test-skill/references/source-access-protocol.md","45675f661773c072c95740d21224e10ff064754b28fa47ec9fe1647c4ce073b2"
"md","source-resolution-protocols","skf","skf/skf-create-skill/references/source-resolution-protocols.md","6b87badca322c63a69d06ad1d159e471b9180714eb0408e8f80c19907044dbe6"
"md","split-body-strategy","skf","skf/knowledge/split-body-strategy.md","8939a4fde8d9857065a4c466b164e366510a9bedc9458297cb7ae7641c7d1591"
"md","stack-skill-template","skf","skf/skf-create-stack-skill/assets/stack-skill-template.md","b59081678812d35164e5ee4657f66db715f8c578934d6f91f3194a481e875455"
"md","step-01-detect-and-tier","skf","skf/skf-setup/steps-c/step-01-detect-and-tier.md","cc0056aa203a09398a0bb80f7da29b334722f4af197b1d3870ee75f6084987c0"
"md","step-01-gather-intent","skf","skf/skf-brief-skill/steps-c/step-01-gather-intent.md","377338c6307fc0efa1d1b1e69bfbff0c09be7b90ae18ee80b0c90be86aa2e32e"
"md","step-01-init","skf","skf/skf-analyze-source/steps-c/step-01-init.md","e619d849b2eb44a7a32b19368085e19e89e3b556ebd4f890db85cc85da1e3a33"
"md","step-01-init","skf","skf/skf-audit-skill/steps-c/step-01-init.md","7224c3ae11e0cf84e7d6818fc94c1ff18713fbd523a098609e9cee565d6a2423"
"md","step-01-init","skf","skf/skf-create-stack-skill/steps-c/step-01-init.md","49d88abf284fa1cc2102db42f3eca55bbf36907db17ab2122c9e211d28c986ba"
"md","step-01-init","skf","skf/skf-refine-architecture/steps-c/step-01-init.md","f5046749cf7394e1a47901cb097a414a26f31dd28c6eaa99e6e3130cce0177c2"
"md","step-01-init","skf","skf/skf-test-skill/steps-c/step-01-init.md","df6e360c0f4443c4c9c229f906f1bee46666cf11498516e7248f2bad8082fd4f"
"md","step-01-init","skf","skf/skf-update-skill/steps-c/step-01-init.md","f4003cd2112f1d187dddb776d4d566378e7652371bebb93e0dd22ca396da4ddd"
"md","step-01-init","skf","skf/skf-verify-stack/steps-c/step-01-init.md","8bc2c844dfdc47f39ce89788c06803fea02fc72dc6cd2f726e82b9fecdbb5561"
"md","step-01-load-brief","skf","skf/skf-create-skill/steps-c/step-01-load-brief.md","e8d2803be99cc0970e37afc59a89522a9322691775e8db14162cb4d08c0a3ca3"
"md","step-01-load-skill","skf","skf/skf-export-skill/steps-c/step-01-load-skill.md","e8fcb61c9700f72a87e1297223f649375a68a309bcc6cf71b7c5635761f93d16"
"md","step-01-resolve-target","skf","skf/skf-quick-skill/steps-c/step-01-resolve-target.md","822149980bcefc219b072d00456a896a8ad33d1e99feb994159c94d2c07406a8"
"md","step-01-select","skf","skf/skf-drop-skill/steps-c/step-01-select.md","36cc35086f8316c901446f52fadef3c68563aa0fe8189af5d3f032072c8fadce"
"md","step-01-select","skf","skf/skf-rename-skill/steps-c/step-01-select.md","bd7bfdce67d63bd0558b1ff12ecdabac02ca8ea495a77b5e08f951c60b5f282d"
"md","step-01b-ccc-index","skf","skf/skf-setup/steps-c/step-01b-ccc-index.md","620ce15b35052aa8b68fa60385c6801517bf189f5a1e9dffe742efd3124160da"
"md","step-01b-continue","skf","skf/skf-analyze-source/steps-c/step-01b-continue.md","f6b0ddd0648f04b6c8b233b4bb97e8c99a3c76b32f9d86e1d78d9a237abb2549"
"md","step-02-analyze-target","skf","skf/skf-brief-skill/steps-c/step-02-analyze-target.md","c517d3a554abc8e6c1298412750cb6316c12ec10450169c35dbd92b41b37cda3"
"md","step-02-coverage","skf","skf/skf-verify-stack/steps-c/step-02-coverage.md","0d5e4960ba70a71fe5b108b3a9a9d9f0618c5fb208b064470d2412735fe0873c"
"md","step-02-detect-changes","skf","skf/skf-update-skill/steps-c/step-02-detect-changes.md","33845feb2b411301293c490a7df3daed6e50d5590a4ba3f4effba3e39bc92eb0"
"md","step-02-detect-manifests","skf","skf/skf-create-stack-skill/steps-c/step-02-detect-manifests.md","a75b02e1c7ba3b7f807bd975af2cb6cfa0b8cd273fe1310ca2245e8463298225"
"md","step-02-detect-mode","skf","skf/skf-test-skill/steps-c/step-02-detect-mode.md","7dc5fbfcaea08967db510db1f6016fb6e7bd4aeb50a11120cf527b41c63b2a38"
"md","step-02-ecosystem-check","skf","skf/skf-create-skill/steps-c/step-02-ecosystem-check.md","1e66e13eb662f2df4faf472fd824562109dbd9b08c0c69da3137c7797d3bfc3c"
"md","step-02-ecosystem-check","skf","skf/skf-quick-skill/steps-c/step-02-ecosystem-check.md","d913e810200baff2070daeaf3294c2d0dbaf93ca76fd4bf960ad10c376de7e43"
"md","step-02-execute","skf","skf/skf-drop-skill/steps-c/step-02-execute.md","d9cc94e7afcf368f520da33a41542daa84b306ddd468651f779680eb413db0b7"
"md","step-02-execute","skf","skf/skf-rename-skill/steps-c/step-02-execute.md","321b4e4bfa8a828be66982de64cdbc1fb22560c94e58a7eb71e6f6316b96c4a5"
"md","step-02-gap-analysis","skf","skf/skf-refine-architecture/steps-c/step-02-gap-analysis.md","b678cdc0a4fd334f93667fbbe909e2a8642322d5153bac19a22ff19a2735553b"
"md","step-02-package","skf","skf/skf-export-skill/steps-c/step-02-package.md","abf7b02ba74b6ae5409bfd174e9c12a9a71293e84218870575a50ba867f8e84c"
"md","step-02-re-index","skf","skf/skf-audit-skill/steps-c/step-02-re-index.md","fbba8cc62fea8732e4024c7118ca93bbc5e31fa1543f4621aa236aa535a16b03"
"md","step-02-scan-project","skf","skf/skf-analyze-source/steps-c/step-02-scan-project.md","e7df2d3f17d4afa4d9a08c6c47b8ce871c9ccf97c30200571bc8005965ef4438"
"md","step-02-write-config","skf","skf/skf-setup/steps-c/step-02-write-config.md","eb0666c1dc9b04d27314587868fa2d7dff2c2a4f6945162c264518db9207e629"
"md","step-02b-ccc-discover","skf","skf/skf-create-skill/steps-c/sub/step-02b-ccc-discover.md","3a61b8de0845ff60566fb9f48648acb55783a417dc08f3fdad8180afe9bcef73"
"md","step-03-auto-index","skf","skf/skf-setup/steps-c/step-03-auto-index.md","364dae485f7d8d79b1edf6acc55ec86507af4a53d0bdb7b168cfc23f7baa7e5f"
"md","step-03-coverage-check","skf","skf/skf-test-skill/steps-c/step-03-coverage-check.md","32a2bcd9b4e839db02dbb7b10040d856386c6c367365933f746cee2bc1666453"
"md","step-03-extract","skf","skf/skf-create-skill/steps-c/step-03-extract.md","b548efe66a741bbb6a9fa263710bec503798d127a87828d3c3c7911e4cc2dfca"
"md","step-03-generate-snippet","skf","skf/skf-export-skill/steps-c/step-03-generate-snippet.md","1bc3d13c90e743ee74df18dbd708702e2c0bdaaaaf4c1ebcc270343b90a74a2b"
"md","step-03-identify-units","skf","skf/skf-analyze-source/steps-c/step-03-identify-units.md","e5ab0fc90d217d43f7ed27500e5b7e84683b159bd128da6cf490f2bdd74eec35"
"md","step-03-integrations","skf","skf/skf-verify-stack/steps-c/step-03-integrations.md","6615e70b17e68440a6a2584bd41de241e1709badfc3f0cd679427d2246494870"
"md","step-03-issue-detection","skf","skf/skf-refine-architecture/steps-c/step-03-issue-detection.md","a4064b941ffcf3517ce30c1f1e786e450fee6bee733daed1e6dcc8cecec7e40c"
"md","step-03-quick-extract","skf","skf/skf-quick-skill/steps-c/step-03-quick-extract.md","01d74faf0586dd149825ad8d680497d666378293666d510d1a02b9addd3c80a4"
"md","step-03-rank-and-confirm","skf","skf/skf-create-stack-skill/steps-c/step-03-rank-and-confirm.md","55fb0cc625582a983a8a7278fb7b16429d0bac19e9e926349a15e915392fdf59"
"md","step-03-re-extract","skf","skf/skf-update-skill/steps-c/step-03-re-extract.md","bc458db3c25bfa30b83a4a7fe297127c3484f74c58881078d3267b409905c6e9"
"md","step-03-report","skf","skf/skf-drop-skill/steps-c/step-03-report.md","7c1c83245a0ee61aa3eeb2b918406cd0fef5b2aef732b349822b89413d4defb5"
"md","step-03-report","skf","skf/skf-rename-skill/steps-c/step-03-report.md","34f5d9dd886a7cf9f67fac87121390ddbb0726d4eb74df19b5937edd357719f7"
"md","step-03-scope-definition","skf","skf/skf-brief-skill/steps-c/step-03-scope-definition.md","5873bee46798d68cde4cbaa0b9fe707854d87f0e49a908f9c7e495e0829bfbe4"
"md","step-03-structural-diff","skf","skf/skf-audit-skill/steps-c/step-03-structural-diff.md","0cec6ede5676d08f329c4c5ebcd8b30a1f81a8b448f11fecbb86842dc0227a6b"
"md","step-03b-fetch-temporal","skf","skf/skf-create-skill/steps-c/sub/step-03b-fetch-temporal.md","28922ecbde1c9d67f24a86da83d5ec8676983ad2aa518db99047b09e988bef10"
"md","step-03c-fetch-docs","skf","skf/skf-create-skill/steps-c/sub/step-03c-fetch-docs.md","4b91b06a2d55b6ce60eb3438896434f488b9517b4bf96469af82adf0bcf251c5"
"md","step-03d-component-extraction","skf","skf/skf-create-skill/steps-c/step-03d-component-extraction.md","446f3cf4d4df9524728a1e77a44f3e37b6868234c06d9aa7b26425a512a2eb8c"
"md","step-04-coherence-check","skf","skf/skf-test-skill/steps-c/step-04-coherence-check.md","9e543cd4dcd148ff4668dd1f98b3af17aaddcdd5197dcc591d939568561ab649"
"md","step-04-compile","skf","skf/skf-quick-skill/steps-c/step-04-compile.md","6fafa8a33201628c24be3ac7ceaab5f8cc1983fa0aa54a6b3e1474b816b250b4"
"md","step-04-confirm-brief","skf","skf/skf-brief-skill/steps-c/step-04-confirm-brief.md","3746249c61e84eed2bfef46f1e4247b78183a4de17308df7a829b811a11ed1bd"
"md","step-04-enrich","skf","skf/skf-create-skill/steps-c/step-04-enrich.md","6c1644f48d2a77fedc70484f5ce8a631ccabacda57cbe3ede1120dcabdca0784"
"md","step-04-health-check","skf","skf/skf-drop-skill/steps-c/step-04-health-check.md","501f0fd628f84b2de4cc3c77d4f2eff5fc5867b9cf190e439ee0cdbbc25de2d3"
"md","step-04-health-check","skf","skf/skf-rename-skill/steps-c/step-04-health-check.md","14f103d1b4d1ac241c6fc5d01653ad2fa33a609be147fd73f21a1095cdccec5c"
"md","step-04-improvements","skf","skf/skf-refine-architecture/steps-c/step-04-improvements.md","1c6574fbd3a6828e1c8805748b5a90b4cd5a1781d627fce4c42b8077f8985ed8"
"md","step-04-map-and-detect","skf","skf/skf-analyze-source/steps-c/step-04-map-and-detect.md","3cb2a866e46db3dd70df539cc977e1e0832c9583a983c3a14ce2e1a6791104b0"
"md","step-04-merge","skf","skf/skf-update-skill/steps-c/step-04-merge.md","7bcb1645fc76ec60eca1b71e1d21f1e76f2c8fea89ca12e101d4175b16297d06"
"md","step-04-parallel-extract","skf","skf/skf-create-stack-skill/steps-c/step-04-parallel-extract.md","a575c57a08d5ebe4f8a4bb16e1f08c6c03000876869e30137e2c6314dcb9aadc"
"md","step-04-report","skf","skf/skf-setup/steps-c/step-04-report.md","51d12eb51f0fe46aa94fc0046e443fbc23efd03215a20f1f09d8e83a3bfc5290"
"md","step-04-requirements","skf","skf/skf-verify-stack/steps-c/step-04-requirements.md","e0a44666760dfc59a158d158a998a2969c038589dc24022ade7701e0e7b39bc4"
"md","step-04-semantic-diff","skf","skf/skf-audit-skill/steps-c/step-04-semantic-diff.md","961b3e69fa853f99de64c36849407f5bd146ad81633926d0ef603cb09e8ee37a"
"md","step-04-update-context","skf","skf/skf-export-skill/steps-c/step-04-update-context.md","54ab37329326cbaf9719956fb47b343805324fe000fc9a2f04d609d67506d3cc"
"md","step-04b-external-validators","skf","skf/skf-test-skill/steps-c/step-04b-external-validators.md","010add8bf14467acd9296a76901f0a1219e2ee59e8af88caea3a5df58b4dd8b6"
"md","step-05-compile","skf","skf/skf-create-skill/steps-c/step-05-compile.md","a8fadbbacd7bba75e5b02f44c794dce8a9345fb1e70b0b9c774537a5c1c54295"
"md","step-05-compile","skf","skf/skf-refine-architecture/steps-c/step-05-compile.md","9e74ef767fa5f790f06e68af6cebb46c0f55840c55d104a545c0fae33ad68c86"
"md","step-05-detect-integrations","skf","skf/skf-create-stack-skill/steps-c/step-05-detect-integrations.md","bbfe72ac71e90c875397733e1e29bd8f3d53e0037ae47fd87dae8c00a501de9e"
"md","step-05-health-check","skf","skf/skf-setup/steps-c/step-05-health-check.md","2b5af2a0dd1cb7ee5a7395700c6fb3c278513cb1767c622aa9aa5c77b608d43a"
"md","step-05-recommend","skf","skf/skf-analyze-source/steps-c/step-05-recommend.md","d503fe6641f559bc7e2bf84561a0124bec01a4631aa94013593d0e0bc7fdd4bb"
"md","step-05-score","skf","skf/skf-test-skill/steps-c/step-05-score.md","d52ee1b11221898afa31d8fd6222e0155cfe04b2f77c9075d27ec5f4bca760bb"
"md","step-05-severity-classify","skf","skf/skf-audit-skill/steps-c/step-05-severity-classify.md","e567479fc9f33e1cfad980f3bcd13d51558590483b4f1f8b5f0c5ba5bc9a175d"
"md","step-05-synthesize","skf","skf/skf-verify-stack/steps-c/step-05-synthesize.md","882779326fe5bdfbfad2716b38356b4ef641f40732104ab0358069c78a758d8d"
"md","step-05-token-report","skf","skf/skf-export-skill/steps-c/step-05-token-report.md","2f626a632b815958e0b74adeab93e8659b3f3c5f89ced1e99d6c9a9bf524a023"
"md","step-05-validate","skf","skf/skf-quick-skill/steps-c/step-05-validate.md","a0806aff0b10ab24e4803c8eac05561679b973c53a3c9bf24b4ac27553e55e0d"
"md","step-05-validate","skf","skf/skf-update-skill/steps-c/step-05-validate.md","9b8d45dae4443d2433acdf1f1c37d0c9abb66985adbd8a56f0a3acad241e8688"
"md","step-05-write-brief","skf","skf/skf-brief-skill/steps-c/step-05-write-brief.md","de3f4debdee93c2542b86668b1526a58c4827d89f8f1fa1b9a5d5f5713c33111"
"md","step-06-compile-stack","skf","skf/skf-create-stack-skill/steps-c/step-06-compile-stack.md","87ba653cf5cb20c975e1e1ae2b944381e2e5972f0fe53a89d1dbe7c9eceb53c4"
"md","step-06-generate-briefs","skf","skf/skf-analyze-source/steps-c/step-06-generate-briefs.md","929e92e352dcec2cb90102132dea46d76383939eeaca644cbf9353bc5e091048"
"md","step-06-health-check","skf","skf/skf-brief-skill/steps-c/step-06-health-check.md","d47e546646e9b0ed4070f152cd9bcf75c44bf84598fbd6f825caa6b10dd95c00"
"md","step-06-report","skf","skf/skf-audit-skill/steps-c/step-06-report.md","eca268536b2b1c8231919e64093d8f5942baae0983de38775940f5abe84f7dd8"
"md","step-06-report","skf","skf/skf-refine-architecture/steps-c/step-06-report.md","f88ab8e93441c7598064aee78094e7d687fbbf99100209c92ff1b36f0d1a4cf8"
"md","step-06-report","skf","skf/skf-test-skill/steps-c/step-06-report.md","5f2e790643ec051eb0cd13c96d56477a2f69ec5b1f60f470ced6f3cede6b8ccb"
"md","step-06-report","skf","skf/skf-verify-stack/steps-c/step-06-report.md","1d5955de9e858d3bc4ac20e0b2106755d08b96a2c1d6b64477bc688570d2f0ec"
"md","step-06-summary","skf","skf/skf-export-skill/steps-c/step-06-summary.md","d8ee2fabe570123bf584abfbddab3f03b26cc2bb1bad5e0e9f41acf5cf8943aa"
"md","step-06-validate","skf","skf/skf-create-skill/steps-c/step-06-validate.md","2912d7789eeaba9fd6c1b882b8dda24d774eb4034cc604319def6b54163330c5"
"md","step-06-write","skf","skf/skf-quick-skill/steps-c/step-06-write.md","94335324f05918108f192c94f657fc62a69fff8dd8f18bbe2b962d4ad466e709"
"md","step-06-write","skf","skf/skf-update-skill/steps-c/step-06-write.md","3649893f20e43429ed742de1963bcf630a1c504dc57a51ea58fe5c253ff429c2"
"md","step-07-generate-artifacts","skf","skf/skf-create-skill/steps-c/step-07-generate-artifacts.md","bffec01ab52eac4fa4172ec73ae572061f0dd99ebc5492f562c9a3ca8240da8f"
"md","step-07-generate-output","skf","skf/skf-create-stack-skill/steps-c/step-07-generate-output.md","b83912606219619efe816a9baab8b4e2fbb399fa63d108cf63afd5b0b4025131"
"md","step-07-health-check","skf","skf/skf-analyze-source/steps-c/step-07-health-check.md","b723fd34bcf2c592d98868464ce12f5fb8a38c987505c4acfce36283317782f3"
"md","step-07-health-check","skf","skf/skf-audit-skill/steps-c/step-07-health-check.md","72b15ff5a905176f8347826944130ef2af7df5f1659aff7563d21c397ff84c93"
"md","step-07-health-check","skf","skf/skf-export-skill/steps-c/step-07-health-check.md","b970fc9fde31d67833764694af876b16dd59a95a7f1008d12887c5f408ceb978"
"md","step-07-health-check","skf","skf/skf-quick-skill/steps-c/step-07-health-check.md","47078d960362cfec43902b72325687c7822938aecae5c7948ec129f686f74aeb"
"md","step-07-health-check","skf","skf/skf-refine-architecture/steps-c/step-07-health-check.md","b88c275e9d74376d5222d84cecf0f87f8a7d391c3e80c71e1e04344335bd6e8a"
"md","step-07-health-check","skf","skf/skf-test-skill/steps-c/step-07-health-check.md","a27744ae218c4c3a152b32767605c0cede45f766453542147e7dbd4af3080d4d"
"md","step-07-health-check","skf","skf/skf-verify-stack/steps-c/step-07-health-check.md","4e5c635e69d751ec038c2104eab524f77f8b52c2708fd4d4bb8c92f2bd4bb462"
"md","step-07-report","skf","skf/skf-update-skill/steps-c/step-07-report.md","f7c3f7550242da58be0aed730f738b72028ea1d1eeffacdf638db5db96a77c13"
"md","step-08-health-check","skf","skf/skf-update-skill/steps-c/step-08-health-check.md","3a32f741cba6392fcdbd4b84ff5bfe60b2f9db2bc49345923cfd9fd4eb963b97"
"md","step-08-report","skf","skf/skf-create-skill/steps-c/step-08-report.md","32478f70976e2744ed2f35065f46627eb2f17968095f8ac69892bb6b94a5821d"
"md","step-08-validate","skf","skf/skf-create-stack-skill/steps-c/step-08-validate.md","bff348bea3f45dd90dbfafa66c59fb788f0fb8c8d96ba80e39e88d29aed828d8"
"md","step-09-health-check","skf","skf/skf-create-skill/steps-c/step-09-health-check.md","2c56a542b148bdf5c2bb03daabcba63cd06c22398a5ba26f05a82773dac52310"
"md","step-09-report","skf","skf/skf-create-stack-skill/steps-c/step-09-report.md","ddbc5c9cb6d11fcf3d280c34662d3189705a8f7abc7d93b024876943fb3fc952"
"md","step-10-health-check","skf","skf/skf-create-stack-skill/steps-c/step-10-health-check.md","0044b97aa5abea6e7438e7d43958fb75e93b4a24b02db7b2719f704f77904651"
"md","tessl-dismissal-rules","skf","skf/skf-create-skill/assets/tessl-dismissal-rules.md","3bba6af538877b498d74d16375c586c2f09acf6807407666fd5a0c6fd3423c01"
"md","test-report-template","skf","skf/skf-test-skill/templates/test-report-template.md","6e6304c97efdfd2348d1bd2d70ca6879b60b94f04bf712b1cc2b19230d296de6"
"md","tier-degradation-rules","skf","skf/skf-create-skill/references/tier-degradation-rules.md","5a8df4f68dd0b09427473ce9894487b1c13ce7652224e309fbdb6e16c210a9eb"
"md","tier-rules","skf","skf/skf-setup/references/tier-rules.md","0f6c4a8a7c80cd6a220d358428f2c1fff4cc2f0fba3fe7d6f7c7d7f2e96fcece"
"md","tool-resolution","skf","skf/knowledge/tool-resolution.md","cc068c3c11f72ba35e11029212f319850ff30745c789c0e89db1819da24e859b"
"md","unit-detection-heuristics","skf","skf/skf-analyze-source/references/unit-detection-heuristics.md","bcc067154674a2f8c8b031481cc7dba753e7f7f8795cdfd938f33efff8eb5f5a"
"md","version-paths","skf","skf/knowledge/version-paths.md","5ba12d2031ce3c8d120a80b9a107816bcd2ec7a8eab6180180a6cd0e222dcd17"
"md","zero-hallucination","skf","skf/knowledge/zero-hallucination.md","23ce4107188a8e0a58cca0a5d4efead07c34dc8ae3a72b18139fcb2aef7394c2"
"py","compute-score","skf","skf/skf-test-skill/scripts/compute-score.py","8bbc0a870faaf61ad6c24f47742c5ab7ccbc18197eb476273af917ae7fbca442"
"py","skf-atomic-write","skf","skf/shared/scripts/skf-atomic-write.py","751c5aca9e47e605973a2470779eefa150b816ae33031855a3177f067424fa53"
"py","skf-manifest-ops","skf","skf/shared/scripts/skf-manifest-ops.py","933dbc6b62aadbea98a693f043078165450e52c017edc38c9a405a54ebbb6d94"
"py","skf-preflight","skf","skf/shared/scripts/skf-preflight.py","60fc2184b5bbc31859ef02fa400815a5535626de97467d964be943cd8f56bedf"
"py","skf-rebuild-managed-sections","skf","skf/shared/scripts/skf-rebuild-managed-sections.py","2391bec4d862e147755c87d51e795216b74efef4682cd801bad7fc5b20075ea9"
"py","skf-severity-classify","skf","skf/shared/scripts/skf-severity-classify.py","325d5023d3194ea1087c1d9531a258b8571044a27cb3e4f0c75288bd6bbefbfc"
"py","skf-skill-inventory","skf","skf/shared/scripts/skf-skill-inventory.py","7e57824ccb8a3c5d3cac2c222130d242f8f93a8190517207dd7e6f8a407e265f"
"py","skf-structural-diff","skf","skf/shared/scripts/skf-structural-diff.py","297198329a564e6f0b6d0a6dbcafec90a3390204b18b067b6aa4be6baa0cc918"
"py","skf-validate-frontmatter","skf","skf/shared/scripts/skf-validate-frontmatter.py","f95feb464daaaab5f838773f2cd79d81494ee1347ecc086dd2b686fa066c2818"
"py","skf-validate-output","skf","skf/shared/scripts/skf-validate-output.py","f30d5f85a2bee60c9e635687c5ff7dcb47ed9160a259ee398cbe104fd0dea3d1"
"yaml","bmad-skill-manifest","skf","skf/skf-forger/bmad-skill-manifest.yaml","993a452ce5e5bdb389e6089fc5d5a1e3a1877a9450192ec1c1ce00b25c0a1072"
"yaml","config","skf","skf/config.yaml","ef2d273a8c716e36f1a2d44f49e8c1293f3fe4fa9afc91bf842ad2e09a67051e"
"yaml","module","skf","skf/module.yaml","5482674732d1b9211174f35e0fd695e277d4d705c7885d6cb87ae5c255b49922"
